animal_id	project_folder	tgen_subject_name	tgen_sample_id	flow_cell	lane	sample_num	num_reads	sequencing_mean_pf_quality_score	sequencing_percent_q30plus	sequencing_percentonemismatchindexreads	sequencing_percentperfectindexreads	read1_file	read2_file	read1_cycles	read2_cycles	index1_cycles	index2_cycles	sequencing_method_summary	sample_id	group	group2	treatment	dose	timepoint	sex	RNA_extraction_batch	sacrifice_batch	age_at_treatment	weight_at_treatment	RIN	genotype	project_id
A31	20250228_LH00295_0202_B22MLNGLT4	JDFSeq_0169	A23881	22MLNGLT4	4	S1	680880216	34.37	75	1.73	98.27	JDFSeq_0169_1_BR_Whole_C1_X3SCM_A23881_22MLNGLT4_GTAACATGCG_S1_L004_R1_001.fastq.gz	JDFSeq_0169_1_BR_Whole_C1_X3SCM_A23881_22MLNGLT4_GTAACATGCG_S1_L004_R1_001.fastq.gz	151	151	11	24	Sequencing run was performed on the NovaSeq X Series platform with 25B reagent kit (300 Cycle). NovaSeq Control Software 1.3.0.39308 was used for sequencing and Illumina BCL Convert v4.2.7 to convert base call (BCL) files into FASTQ files.	H.24h.M.31	H.24h	H.24h.M	psilocybin	1 mg / kg	24 hour	M	6	2	8 weeks	26 grams	9.6	C57BL/6	Psi1
A38	20250228_LH00295_0202_B22MLNGLT4	JDFSeq_0170	A23882	22MLNGLT4	4	S2	650653540	34.44	75.5	1.39	98.61	JDFSeq_0170_1_BR_Whole_C1_X3SCM_A23882_22MLNGLT4_GTGGATCAAA_S2_L004_R1_001.fastq.gz	JDFSeq_0170_1_BR_Whole_C1_X3SCM_A23882_22MLNGLT4_GTGGATCAAA_S2_L004_R1_001.fastq.gz	151	151	11	24	Sequencing run was performed on the NovaSeq X Series platform with 25B reagent kit (300 Cycle). NovaSeq Control Software 1.3.0.39308 was used for sequencing and Illumina BCL Convert v4.2.7 to convert base call (BCL) files into FASTQ files.	H.24h.F.38	H.24h	H.24h.F	psilocybin	1 mg / kg	24 hour	F	5	2	8 weeks	18 grams	9.2	C57BL/6	Psi1
A42	20250228_LH00295_0202_B22MLNGLT4	JDFSeq_0171	A23883	22MLNGLT4	4	S3	606066770	34.4	75	1.84	98.16	JDFSeq_0171_1_BR_Whole_C1_X3SCM_A23883_22MLNGLT4_CACTACGAAA_S3_L004_R1_001.fastq.gz	JDFSeq_0171_1_BR_Whole_C1_X3SCM_A23883_22MLNGLT4_CACTACGAAA_S3_L004_R1_001.fastq.gz	151	151	11	24	Sequencing run was performed on the NovaSeq X Series platform with 25B reagent kit (300 Cycle). NovaSeq Control Software 1.3.0.39308 was used for sequencing and Illumina BCL Convert v4.2.7 to convert base call (BCL) files into FASTQ files.	L.24h.M.42	L.24h	L.24h.M	psilocybin	0.25 mg / kg	24 hour	M	5	2	8 weeks	26 grams	9.5	C57BL/6	Psi1
A48	20250228_LH00295_0202_B22MLNGLT4	JDFSeq_0172	A23884	22MLNGLT4	4	S4	682844162	34.38	75	4.12	95.88	JDFSeq_0172_1_BR_Whole_C1_X3SCM_A23884_22MLNGLT4_CTCTAGCGAG_S4_L004_R1_001.fastq.gz	JDFSeq_0172_1_BR_Whole_C1_X3SCM_A23884_22MLNGLT4_CTCTAGCGAG_S4_L004_R1_001.fastq.gz	151	151	11	24	Sequencing run was performed on the NovaSeq X Series platform with 25B reagent kit (300 Cycle). NovaSeq Control Software 1.3.0.39308 was used for sequencing and Illumina BCL Convert v4.2.7 to convert base call (BCL) files into FASTQ files.	L.24h.F.48	L.24h	L.24h.F	psilocybin	0.25 mg / kg	24 hour	F	5	2	8 weeks	18 grams	9.4	C57BL/6	Psi1
A52	20250228_LH00295_0202_B22MLNGLT4	JDFSeq_0173	A23885	22MLNGLT4	4	S5	598140552	34.61	76	1.6	98.4	JDFSeq_0173_1_BR_Whole_C1_X3SCM_A23885_22MLNGLT4_GTAGCCCTGT_S5_L004_R1_001.fastq.gz	JDFSeq_0173_1_BR_Whole_C1_X3SCM_A23885_22MLNGLT4_GTAGCCCTGT_S5_L004_R1_001.fastq.gz	151	151	11	24	Sequencing run was performed on the NovaSeq X Series platform with 25B reagent kit (300 Cycle). NovaSeq Control Software 1.3.0.39308 was used for sequencing and Illumina BCL Convert v4.2.7 to convert base call (BCL) files into FASTQ files.	S.24h.M.52	S.24h	S.24h.M	saline	0.90%	24 hour	M	4	2	8 weeks	26 grams	9.3	C57BL/6	Psi1
A58	20250228_LH00295_0202_B22MLNGLT4	JDFSeq_0174	A23886	22MLNGLT4	4	S6	613662400	34.53	75.5	1.54	98.46	JDFSeq_0174_1_BR_Whole_C1_X3SCM_A23886_22MLNGLT4_TAACGCGTGA_S6_L004_R1_001.fastq.gz	JDFSeq_0174_1_BR_Whole_C1_X3SCM_A23886_22MLNGLT4_TAACGCGTGA_S6_L004_R1_001.fastq.gz	151	151	11	24	Sequencing run was performed on the NovaSeq X Series platform with 25B reagent kit (300 Cycle). NovaSeq Control Software 1.3.0.39308 was used for sequencing and Illumina BCL Convert v4.2.7 to convert base call (BCL) files into FASTQ files.	S.24h.F.58	S.24h	S.24h.F	saline	0.90%	24 hour	F	4	2	8 weeks	18 grams	9.3	C57BL/6	Psi1
A32	20250228_LH00295_0202_B22MLNGLT4	JDFSeq_0175	A23887	22MLNGLT4	4	S7	577483942	34.6	76	1.48	98.52	JDFSeq_0175_1_BR_Whole_C1_X3SCM_A23887_22MLNGLT4_TCCCAAGGGT_S7_L004_R1_001.fastq.gz	JDFSeq_0175_1_BR_Whole_C1_X3SCM_A23887_22MLNGLT4_TCCCAAGGGT_S7_L004_R1_001.fastq.gz	151	151	11	24	Sequencing run was performed on the NovaSeq X Series platform with 25B reagent kit (300 Cycle). NovaSeq Control Software 1.3.0.39308 was used for sequencing and Illumina BCL Convert v4.2.7 to convert base call (BCL) files into FASTQ files.	H.24h.M.32	H.24h	H.24h.M	psilocybin	1 mg / kg	24 hour	M	6	2	8 weeks	26 grams	9.5	C57BL/6	Psi1
A39	20250228_LH00295_0202_B22MLNGLT4	JDFSeq_0176	A23888	22MLNGLT4	4	S8	796725824	34.5	75.5	2.22	97.78	JDFSeq_0176_1_BR_Whole_C1_X3SCM_A23888_22MLNGLT4_CGAAGTATAC_S8_L004_R1_001.fastq.gz	JDFSeq_0176_1_BR_Whole_C1_X3SCM_A23888_22MLNGLT4_CGAAGTATAC_S8_L004_R1_001.fastq.gz	151	151	11	24	Sequencing run was performed on the NovaSeq X Series platform with 25B reagent kit (300 Cycle). NovaSeq Control Software 1.3.0.39308 was used for sequencing and Illumina BCL Convert v4.2.7 to convert base call (BCL) files into FASTQ files.	H.24h.F.39	H.24h	H.24h.F	psilocybin	1 mg / kg	24 hour	F	5	2	8 weeks	18 grams	9.4	C57BL/6	Psi1
A45	20250228_LH00295_0202_B22MLNGLT4	JDFSeq_0177	A23889	22MLNGLT4	4	S9	778982702	34.48	75.5	2.69	97.31	JDFSeq_0177_1_BR_Whole_C1_X3SCM_A23889_22MLNGLT4_AAGTGGAGAG_S9_L004_R1_001.fastq.gz	JDFSeq_0177_1_BR_Whole_C1_X3SCM_A23889_22MLNGLT4_AAGTGGAGAG_S9_L004_R1_001.fastq.gz	151	151	11	24	Sequencing run was performed on the NovaSeq X Series platform with 25B reagent kit (300 Cycle). NovaSeq Control Software 1.3.0.39308 was used for sequencing and Illumina BCL Convert v4.2.7 to convert base call (BCL) files into FASTQ files.	L.24h.M.45	L.24h	L.24h.M	psilocybin	0.25 mg / kg	24 hour	M	5	2	8 weeks	26 grams	9.9	C57BL/6	Psi1
A49	20250228_LH00295_0202_B22MLNGLT4	JDFSeq_0178	A23890	22MLNGLT4	4	S10	714723040	34.49	75.5	1.51	98.49	JDFSeq_0178_1_BR_Whole_C1_X3SCM_A23890_22MLNGLT4_CGTGACATGC_S10_L004_R1_001.fastq.gz	JDFSeq_0178_1_BR_Whole_C1_X3SCM_A23890_22MLNGLT4_CGTGACATGC_S10_L004_R1_001.fastq.gz	151	151	11	24	Sequencing run was performed on the NovaSeq X Series platform with 25B reagent kit (300 Cycle). NovaSeq Control Software 1.3.0.39308 was used for sequencing and Illumina BCL Convert v4.2.7 to convert base call (BCL) files into FASTQ files.	L.24h.F.49	L.24h	L.24h.F	psilocybin	0.25 mg / kg	24 hour	F	5	2	8 weeks	18 grams	9.3	C57BL/6	Psi1
A54	20250228_LH00295_0202_B22MLNGLT4	JDFSeq_0179	A23891	22MLNGLT4	4	S11	722041950	34.39	75	1.53	98.47	JDFSeq_0179_1_BR_Whole_C1_X3SCM_A23891_22MLNGLT4_CGGAACCCAA_S11_L004_R1_001.fastq.gz	JDFSeq_0179_1_BR_Whole_C1_X3SCM_A23891_22MLNGLT4_CGGAACCCAA_S11_L004_R1_001.fastq.gz	151	151	11	24	Sequencing run was performed on the NovaSeq X Series platform with 25B reagent kit (300 Cycle). NovaSeq Control Software 1.3.0.39308 was used for sequencing and Illumina BCL Convert v4.2.7 to convert base call (BCL) files into FASTQ files.	S.24h.M.54	S.24h	S.24h.M	saline	0.90%	24 hour	M	4	2	8 weeks	26 grams	9.5	C57BL/6	Psi1
A60	20250228_LH00295_0202_B22MLNGLT4	JDFSeq_0180	A23892	22MLNGLT4	4	S12	529571144	34.48	75.5	1.81	98.19	JDFSeq_0180_1_BR_Whole_C1_X3SCM_A23892_22MLNGLT4_CACCGCACCA_S12_L004_R1_001.fastq.gz	JDFSeq_0180_1_BR_Whole_C1_X3SCM_A23892_22MLNGLT4_CACCGCACCA_S12_L004_R1_001.fastq.gz	151	151	11	24	Sequencing run was performed on the NovaSeq X Series platform with 25B reagent kit (300 Cycle). NovaSeq Control Software 1.3.0.39308 was used for sequencing and Illumina BCL Convert v4.2.7 to convert base call (BCL) files into FASTQ files.	S.24h.F.60	S.24h	S.24h.F	saline	0.90%	24 hour	F	4	2	8 weeks	18 grams	9.3	C57BL/6	Psi1
A31	20250228_LH00295_0202_B22MLNGLT4	JDFSeq_0169	A23881	22MLNGLT4	5	S1	682055752	34.24	74.5	1.67	98.33	JDFSeq_0169_1_BR_Whole_C1_X3SCM_A23881_22MLNGLT4_GTAACATGCG_S1_L005_R1_001.fastq.gz	JDFSeq_0169_1_BR_Whole_C1_X3SCM_A23881_22MLNGLT4_GTAACATGCG_S1_L005_R1_001.fastq.gz	151	151	11	24	Sequencing run was performed on the NovaSeq X Series platform with 25B reagent kit (300 Cycle). NovaSeq Control Software 1.3.0.39308 was used for sequencing and Illumina BCL Convert v4.2.7 to convert base call (BCL) files into FASTQ files.	H.24h.M.31	H.24h	H.24h.M	psilocybin	1 mg / kg	24 hour	M	6	2	8 weeks	26 grams	9.6	C57BL/6	Psi1
A38	20250228_LH00295_0202_B22MLNGLT4	JDFSeq_0170	A23882	22MLNGLT4	5	S2	655698018	34.31	75	1.37	98.63	JDFSeq_0170_1_BR_Whole_C1_X3SCM_A23882_22MLNGLT4_GTGGATCAAA_S2_L005_R1_001.fastq.gz	JDFSeq_0170_1_BR_Whole_C1_X3SCM_A23882_22MLNGLT4_GTGGATCAAA_S2_L005_R1_001.fastq.gz	151	151	11	24	Sequencing run was performed on the NovaSeq X Series platform with 25B reagent kit (300 Cycle). NovaSeq Control Software 1.3.0.39308 was used for sequencing and Illumina BCL Convert v4.2.7 to convert base call (BCL) files into FASTQ files.	H.24h.F.38	H.24h	H.24h.F	psilocybin	1 mg / kg	24 hour	F	5	2	8 weeks	18 grams	9.2	C57BL/6	Psi1
A42	20250228_LH00295_0202_B22MLNGLT4	JDFSeq_0171	A23883	22MLNGLT4	5	S3	610282240	34.27	74.5	1.79	98.21	JDFSeq_0171_1_BR_Whole_C1_X3SCM_A23883_22MLNGLT4_CACTACGAAA_S3_L005_R1_001.fastq.gz	JDFSeq_0171_1_BR_Whole_C1_X3SCM_A23883_22MLNGLT4_CACTACGAAA_S3_L005_R1_001.fastq.gz	151	151	11	24	Sequencing run was performed on the NovaSeq X Series platform with 25B reagent kit (300 Cycle). NovaSeq Control Software 1.3.0.39308 was used for sequencing and Illumina BCL Convert v4.2.7 to convert base call (BCL) files into FASTQ files.	L.24h.M.42	L.24h	L.24h.M	psilocybin	0.25 mg / kg	24 hour	M	5	2	8 weeks	26 grams	9.5	C57BL/6	Psi1
A48	20250228_LH00295_0202_B22MLNGLT4	JDFSeq_0172	A23884	22MLNGLT4	5	S4	685514256	34.26	74.5	4.14	95.86	JDFSeq_0172_1_BR_Whole_C1_X3SCM_A23884_22MLNGLT4_CTCTAGCGAG_S4_L005_R1_001.fastq.gz	JDFSeq_0172_1_BR_Whole_C1_X3SCM_A23884_22MLNGLT4_CTCTAGCGAG_S4_L005_R1_001.fastq.gz	151	151	11	24	Sequencing run was performed on the NovaSeq X Series platform with 25B reagent kit (300 Cycle). NovaSeq Control Software 1.3.0.39308 was used for sequencing and Illumina BCL Convert v4.2.7 to convert base call (BCL) files into FASTQ files.	L.24h.F.48	L.24h	L.24h.F	psilocybin	0.25 mg / kg	24 hour	F	5	2	8 weeks	18 grams	9.4	C57BL/6	Psi1
A52	20250228_LH00295_0202_B22MLNGLT4	JDFSeq_0173	A23885	22MLNGLT4	5	S5	603267534	34.49	75.5	1.58	98.42	JDFSeq_0173_1_BR_Whole_C1_X3SCM_A23885_22MLNGLT4_GTAGCCCTGT_S5_L005_R1_001.fastq.gz	JDFSeq_0173_1_BR_Whole_C1_X3SCM_A23885_22MLNGLT4_GTAGCCCTGT_S5_L005_R1_001.fastq.gz	151	151	11	24	Sequencing run was performed on the NovaSeq X Series platform with 25B reagent kit (300 Cycle). NovaSeq Control Software 1.3.0.39308 was used for sequencing and Illumina BCL Convert v4.2.7 to convert base call (BCL) files into FASTQ files.	S.24h.M.52	S.24h	S.24h.M	saline	0.90%	24 hour	M	4	2	8 weeks	26 grams	9.3	C57BL/6	Psi1
A58	20250228_LH00295_0202_B22MLNGLT4	JDFSeq_0174	A23886	22MLNGLT4	5	S6	617869038	34.41	75	1.52	98.48	JDFSeq_0174_1_BR_Whole_C1_X3SCM_A23886_22MLNGLT4_TAACGCGTGA_S6_L005_R1_001.fastq.gz	JDFSeq_0174_1_BR_Whole_C1_X3SCM_A23886_22MLNGLT4_TAACGCGTGA_S6_L005_R1_001.fastq.gz	151	151	11	24	Sequencing run was performed on the NovaSeq X Series platform with 25B reagent kit (300 Cycle). NovaSeq Control Software 1.3.0.39308 was used for sequencing and Illumina BCL Convert v4.2.7 to convert base call (BCL) files into FASTQ files.	S.24h.F.58	S.24h	S.24h.F	saline	0.90%	24 hour	F	4	2	8 weeks	18 grams	9.3	C57BL/6	Psi1
A32	20250228_LH00295_0202_B22MLNGLT4	JDFSeq_0175	A23887	22MLNGLT4	5	S7	579972014	34.48	75.5	1.42	98.58	JDFSeq_0175_1_BR_Whole_C1_X3SCM_A23887_22MLNGLT4_TCCCAAGGGT_S7_L005_R1_001.fastq.gz	JDFSeq_0175_1_BR_Whole_C1_X3SCM_A23887_22MLNGLT4_TCCCAAGGGT_S7_L005_R1_001.fastq.gz	151	151	11	24	Sequencing run was performed on the NovaSeq X Series platform with 25B reagent kit (300 Cycle). NovaSeq Control Software 1.3.0.39308 was used for sequencing and Illumina BCL Convert v4.2.7 to convert base call (BCL) files into FASTQ files.	H.24h.M.32	H.24h	H.24h.M	psilocybin	1 mg / kg	24 hour	M	6	2	8 weeks	26 grams	9.5	C57BL/6	Psi1
A39	20250228_LH00295_0202_B22MLNGLT4	JDFSeq_0176	A23888	22MLNGLT4	5	S8	797408774	34.38	75	2.01	97.99	JDFSeq_0176_1_BR_Whole_C1_X3SCM_A23888_22MLNGLT4_CGAAGTATAC_S8_L005_R1_001.fastq.gz	JDFSeq_0176_1_BR_Whole_C1_X3SCM_A23888_22MLNGLT4_CGAAGTATAC_S8_L005_R1_001.fastq.gz	151	151	11	24	Sequencing run was performed on the NovaSeq X Series platform with 25B reagent kit (300 Cycle). NovaSeq Control Software 1.3.0.39308 was used for sequencing and Illumina BCL Convert v4.2.7 to convert base call (BCL) files into FASTQ files.	H.24h.F.39	H.24h	H.24h.F	psilocybin	1 mg / kg	24 hour	F	5	2	8 weeks	18 grams	9.4	C57BL/6	Psi1
A45	20250228_LH00295_0202_B22MLNGLT4	JDFSeq_0177	A23889	22MLNGLT4	5	S9	780695812	34.36	75	2.69	97.31	JDFSeq_0177_1_BR_Whole_C1_X3SCM_A23889_22MLNGLT4_AAGTGGAGAG_S9_L005_R1_001.fastq.gz	JDFSeq_0177_1_BR_Whole_C1_X3SCM_A23889_22MLNGLT4_AAGTGGAGAG_S9_L005_R1_001.fastq.gz	151	151	11	24	Sequencing run was performed on the NovaSeq X Series platform with 25B reagent kit (300 Cycle). NovaSeq Control Software 1.3.0.39308 was used for sequencing and Illumina BCL Convert v4.2.7 to convert base call (BCL) files into FASTQ files.	L.24h.M.45	L.24h	L.24h.M	psilocybin	0.25 mg / kg	24 hour	M	5	2	8 weeks	26 grams	9.9	C57BL/6	Psi1
A49	20250228_LH00295_0202_B22MLNGLT4	JDFSeq_0178	A23890	22MLNGLT4	5	S10	718835730	34.37	75	1.49	98.51	JDFSeq_0178_1_BR_Whole_C1_X3SCM_A23890_22MLNGLT4_CGTGACATGC_S10_L005_R1_001.fastq.gz	JDFSeq_0178_1_BR_Whole_C1_X3SCM_A23890_22MLNGLT4_CGTGACATGC_S10_L005_R1_001.fastq.gz	151	151	11	24	Sequencing run was performed on the NovaSeq X Series platform with 25B reagent kit (300 Cycle). NovaSeq Control Software 1.3.0.39308 was used for sequencing and Illumina BCL Convert v4.2.7 to convert base call (BCL) files into FASTQ files.	L.24h.F.49	L.24h	L.24h.F	psilocybin	0.25 mg / kg	24 hour	F	5	2	8 weeks	18 grams	9.3	C57BL/6	Psi1
A54	20250228_LH00295_0202_B22MLNGLT4	JDFSeq_0179	A23891	22MLNGLT4	5	S11	727562346	34.28	74.5	1.51	98.49	JDFSeq_0179_1_BR_Whole_C1_X3SCM_A23891_22MLNGLT4_CGGAACCCAA_S11_L005_R1_001.fastq.gz	JDFSeq_0179_1_BR_Whole_C1_X3SCM_A23891_22MLNGLT4_CGGAACCCAA_S11_L005_R1_001.fastq.gz	151	151	11	24	Sequencing run was performed on the NovaSeq X Series platform with 25B reagent kit (300 Cycle). NovaSeq Control Software 1.3.0.39308 was used for sequencing and Illumina BCL Convert v4.2.7 to convert base call (BCL) files into FASTQ files.	S.24h.M.54	S.24h	S.24h.M	saline	0.90%	24 hour	M	4	2	8 weeks	26 grams	9.5	C57BL/6	Psi1
A60	20250228_LH00295_0202_B22MLNGLT4	JDFSeq_0180	A23892	22MLNGLT4	5	S12	532654422	34.35	75	1.76	98.24	JDFSeq_0180_1_BR_Whole_C1_X3SCM_A23892_22MLNGLT4_CACCGCACCA_S12_L005_R1_001.fastq.gz	JDFSeq_0180_1_BR_Whole_C1_X3SCM_A23892_22MLNGLT4_CACCGCACCA_S12_L005_R1_001.fastq.gz	151	151	11	24	Sequencing run was performed on the NovaSeq X Series platform with 25B reagent kit (300 Cycle). NovaSeq Control Software 1.3.0.39308 was used for sequencing and Illumina BCL Convert v4.2.7 to convert base call (BCL) files into FASTQ files.	S.24h.F.60	S.24h	S.24h.F	saline	0.90%	24 hour	F	4	2	8 weeks	18 grams	9.3	C57BL/6	Psi1
A31	20250228_LH00295_0202_B22MLNGLT4	JDFSeq_0169	A23881	22MLNGLT4	6	S1	682021674	34.22	74.5	2.26	97.74	JDFSeq_0169_1_BR_Whole_C1_X3SCM_A23881_22MLNGLT4_GTAACATGCG_S1_L006_R1_001.fastq.gz	JDFSeq_0169_1_BR_Whole_C1_X3SCM_A23881_22MLNGLT4_GTAACATGCG_S1_L006_R1_001.fastq.gz	151	151	11	24	Sequencing run was performed on the NovaSeq X Series platform with 25B reagent kit (300 Cycle). NovaSeq Control Software 1.3.0.39308 was used for sequencing and Illumina BCL Convert v4.2.7 to convert base call (BCL) files into FASTQ files.	H.24h.M.31	H.24h	H.24h.M	psilocybin	1 mg / kg	24 hour	M	6	2	8 weeks	26 grams	9.6	C57BL/6	Psi1
A38	20250228_LH00295_0202_B22MLNGLT4	JDFSeq_0170	A23882	22MLNGLT4	6	S2	659181144	34.3	75	1.92	98.08	JDFSeq_0170_1_BR_Whole_C1_X3SCM_A23882_22MLNGLT4_GTGGATCAAA_S2_L006_R1_001.fastq.gz	JDFSeq_0170_1_BR_Whole_C1_X3SCM_A23882_22MLNGLT4_GTGGATCAAA_S2_L006_R1_001.fastq.gz	151	151	11	24	Sequencing run was performed on the NovaSeq X Series platform with 25B reagent kit (300 Cycle). NovaSeq Control Software 1.3.0.39308 was used for sequencing and Illumina BCL Convert v4.2.7 to convert base call (BCL) files into FASTQ files.	H.24h.F.38	H.24h	H.24h.F	psilocybin	1 mg / kg	24 hour	F	5	2	8 weeks	18 grams	9.2	C57BL/6	Psi1
A42	20250228_LH00295_0202_B22MLNGLT4	JDFSeq_0171	A23883	22MLNGLT4	6	S3	611086692	34.25	74.5	2.44	97.56	JDFSeq_0171_1_BR_Whole_C1_X3SCM_A23883_22MLNGLT4_CACTACGAAA_S3_L006_R1_001.fastq.gz	JDFSeq_0171_1_BR_Whole_C1_X3SCM_A23883_22MLNGLT4_CACTACGAAA_S3_L006_R1_001.fastq.gz	151	151	11	24	Sequencing run was performed on the NovaSeq X Series platform with 25B reagent kit (300 Cycle). NovaSeq Control Software 1.3.0.39308 was used for sequencing and Illumina BCL Convert v4.2.7 to convert base call (BCL) files into FASTQ files.	L.24h.M.42	L.24h	L.24h.M	psilocybin	0.25 mg / kg	24 hour	M	5	2	8 weeks	26 grams	9.5	C57BL/6	Psi1
A48	20250228_LH00295_0202_B22MLNGLT4	JDFSeq_0172	A23884	22MLNGLT4	6	S4	685558558	34.24	74.5	4.71	95.29	JDFSeq_0172_1_BR_Whole_C1_X3SCM_A23884_22MLNGLT4_CTCTAGCGAG_S4_L006_R1_001.fastq.gz	JDFSeq_0172_1_BR_Whole_C1_X3SCM_A23884_22MLNGLT4_CTCTAGCGAG_S4_L006_R1_001.fastq.gz	151	151	11	24	Sequencing run was performed on the NovaSeq X Series platform with 25B reagent kit (300 Cycle). NovaSeq Control Software 1.3.0.39308 was used for sequencing and Illumina BCL Convert v4.2.7 to convert base call (BCL) files into FASTQ files.	L.24h.F.48	L.24h	L.24h.F	psilocybin	0.25 mg / kg	24 hour	F	5	2	8 weeks	18 grams	9.4	C57BL/6	Psi1
A52	20250228_LH00295_0202_B22MLNGLT4	JDFSeq_0173	A23885	22MLNGLT4	6	S5	607797448	34.47	75.5	2.13	97.87	JDFSeq_0173_1_BR_Whole_C1_X3SCM_A23885_22MLNGLT4_GTAGCCCTGT_S5_L006_R1_001.fastq.gz	JDFSeq_0173_1_BR_Whole_C1_X3SCM_A23885_22MLNGLT4_GTAGCCCTGT_S5_L006_R1_001.fastq.gz	151	151	11	24	Sequencing run was performed on the NovaSeq X Series platform with 25B reagent kit (300 Cycle). NovaSeq Control Software 1.3.0.39308 was used for sequencing and Illumina BCL Convert v4.2.7 to convert base call (BCL) files into FASTQ files.	S.24h.M.52	S.24h	S.24h.M	saline	0.90%	24 hour	M	4	2	8 weeks	26 grams	9.3	C57BL/6	Psi1
A58	20250228_LH00295_0202_B22MLNGLT4	JDFSeq_0174	A23886	22MLNGLT4	6	S6	621583098	34.39	75	2.04	97.96	JDFSeq_0174_1_BR_Whole_C1_X3SCM_A23886_22MLNGLT4_TAACGCGTGA_S6_L006_R1_001.fastq.gz	JDFSeq_0174_1_BR_Whole_C1_X3SCM_A23886_22MLNGLT4_TAACGCGTGA_S6_L006_R1_001.fastq.gz	151	151	11	24	Sequencing run was performed on the NovaSeq X Series platform with 25B reagent kit (300 Cycle). NovaSeq Control Software 1.3.0.39308 was used for sequencing and Illumina BCL Convert v4.2.7 to convert base call (BCL) files into FASTQ files.	S.24h.F.58	S.24h	S.24h.F	saline	0.90%	24 hour	F	4	2	8 weeks	18 grams	9.3	C57BL/6	Psi1
A32	20250228_LH00295_0202_B22MLNGLT4	JDFSeq_0175	A23887	22MLNGLT4	6	S7	582190116	34.46	75.5	2.01	97.99	JDFSeq_0175_1_BR_Whole_C1_X3SCM_A23887_22MLNGLT4_TCCCAAGGGT_S7_L006_R1_001.fastq.gz	JDFSeq_0175_1_BR_Whole_C1_X3SCM_A23887_22MLNGLT4_TCCCAAGGGT_S7_L006_R1_001.fastq.gz	151	151	11	24	Sequencing run was performed on the NovaSeq X Series platform with 25B reagent kit (300 Cycle). NovaSeq Control Software 1.3.0.39308 was used for sequencing and Illumina BCL Convert v4.2.7 to convert base call (BCL) files into FASTQ files.	H.24h.M.32	H.24h	H.24h.M	psilocybin	1 mg / kg	24 hour	M	6	2	8 weeks	26 grams	9.5	C57BL/6	Psi1
A39	20250228_LH00295_0202_B22MLNGLT4	JDFSeq_0176	A23888	22MLNGLT4	6	S8	801369254	34.37	75	2.63	97.37	JDFSeq_0176_1_BR_Whole_C1_X3SCM_A23888_22MLNGLT4_CGAAGTATAC_S8_L006_R1_001.fastq.gz	JDFSeq_0176_1_BR_Whole_C1_X3SCM_A23888_22MLNGLT4_CGAAGTATAC_S8_L006_R1_001.fastq.gz	151	151	11	24	Sequencing run was performed on the NovaSeq X Series platform with 25B reagent kit (300 Cycle). NovaSeq Control Software 1.3.0.39308 was used for sequencing and Illumina BCL Convert v4.2.7 to convert base call (BCL) files into FASTQ files.	H.24h.F.39	H.24h	H.24h.F	psilocybin	1 mg / kg	24 hour	F	5	2	8 weeks	18 grams	9.4	C57BL/6	Psi1
A45	20250228_LH00295_0202_B22MLNGLT4	JDFSeq_0177	A23889	22MLNGLT4	6	S9	779901368	34.34	75	3.24	96.76	JDFSeq_0177_1_BR_Whole_C1_X3SCM_A23889_22MLNGLT4_AAGTGGAGAG_S9_L006_R1_001.fastq.gz	JDFSeq_0177_1_BR_Whole_C1_X3SCM_A23889_22MLNGLT4_AAGTGGAGAG_S9_L006_R1_001.fastq.gz	151	151	11	24	Sequencing run was performed on the NovaSeq X Series platform with 25B reagent kit (300 Cycle). NovaSeq Control Software 1.3.0.39308 was used for sequencing and Illumina BCL Convert v4.2.7 to convert base call (BCL) files into FASTQ files.	L.24h.M.45	L.24h	L.24h.M	psilocybin	0.25 mg / kg	24 hour	M	5	2	8 weeks	26 grams	9.9	C57BL/6	Psi1
A49	20250228_LH00295_0202_B22MLNGLT4	JDFSeq_0178	A23890	22MLNGLT4	6	S10	723574906	34.36	75	2.08	97.92	JDFSeq_0178_1_BR_Whole_C1_X3SCM_A23890_22MLNGLT4_CGTGACATGC_S10_L006_R1_001.fastq.gz	JDFSeq_0178_1_BR_Whole_C1_X3SCM_A23890_22MLNGLT4_CGTGACATGC_S10_L006_R1_001.fastq.gz	151	151	11	24	Sequencing run was performed on the NovaSeq X Series platform with 25B reagent kit (300 Cycle). NovaSeq Control Software 1.3.0.39308 was used for sequencing and Illumina BCL Convert v4.2.7 to convert base call (BCL) files into FASTQ files.	L.24h.F.49	L.24h	L.24h.F	psilocybin	0.25 mg / kg	24 hour	F	5	2	8 weeks	18 grams	9.3	C57BL/6	Psi1
A54	20250228_LH00295_0202_B22MLNGLT4	JDFSeq_0179	A23891	22MLNGLT4	6	S11	734486656	34.26	74.5	2.07	97.93	JDFSeq_0179_1_BR_Whole_C1_X3SCM_A23891_22MLNGLT4_CGGAACCCAA_S11_L006_R1_001.fastq.gz	JDFSeq_0179_1_BR_Whole_C1_X3SCM_A23891_22MLNGLT4_CGGAACCCAA_S11_L006_R1_001.fastq.gz	151	151	11	24	Sequencing run was performed on the NovaSeq X Series platform with 25B reagent kit (300 Cycle). NovaSeq Control Software 1.3.0.39308 was used for sequencing and Illumina BCL Convert v4.2.7 to convert base call (BCL) files into FASTQ files.	S.24h.M.54	S.24h	S.24h.M	saline	0.90%	24 hour	M	4	2	8 weeks	26 grams	9.5	C57BL/6	Psi1
A60	20250228_LH00295_0202_B22MLNGLT4	JDFSeq_0180	A23892	22MLNGLT4	6	S12	536802362	34.34	75	2.33	97.67	JDFSeq_0180_1_BR_Whole_C1_X3SCM_A23892_22MLNGLT4_CACCGCACCA_S12_L006_R1_001.fastq.gz	JDFSeq_0180_1_BR_Whole_C1_X3SCM_A23892_22MLNGLT4_CACCGCACCA_S12_L006_R1_001.fastq.gz	151	151	11	24	Sequencing run was performed on the NovaSeq X Series platform with 25B reagent kit (300 Cycle). NovaSeq Control Software 1.3.0.39308 was used for sequencing and Illumina BCL Convert v4.2.7 to convert base call (BCL) files into FASTQ files.	S.24h.F.60	S.24h	S.24h.F	saline	0.90%	24 hour	F	4	2	8 weeks	18 grams	9.3	C57BL/6	Psi1
A31	20250228_LH00295_0202_B22MLNGLT4	JDFSeq_0169	A23881	22MLNGLT4	7	S1	686994688	34.17	74.5	2.52	97.48	JDFSeq_0169_1_BR_Whole_C1_X3SCM_A23881_22MLNGLT4_GTAACATGCG_S1_L007_R1_001.fastq.gz	JDFSeq_0169_1_BR_Whole_C1_X3SCM_A23881_22MLNGLT4_GTAACATGCG_S1_L007_R1_001.fastq.gz	151	151	11	24	Sequencing run was performed on the NovaSeq X Series platform with 25B reagent kit (300 Cycle). NovaSeq Control Software 1.3.0.39308 was used for sequencing and Illumina BCL Convert v4.2.7 to convert base call (BCL) files into FASTQ files.	H.24h.M.31	H.24h	H.24h.M	psilocybin	1 mg / kg	24 hour	M	6	2	8 weeks	26 grams	9.6	C57BL/6	Psi1
A38	20250228_LH00295_0202_B22MLNGLT4	JDFSeq_0170	A23882	22MLNGLT4	7	S2	661565838	34.25	74.5	2.19	97.81	JDFSeq_0170_1_BR_Whole_C1_X3SCM_A23882_22MLNGLT4_GTGGATCAAA_S2_L007_R1_001.fastq.gz	JDFSeq_0170_1_BR_Whole_C1_X3SCM_A23882_22MLNGLT4_GTGGATCAAA_S2_L007_R1_001.fastq.gz	151	151	11	24	Sequencing run was performed on the NovaSeq X Series platform with 25B reagent kit (300 Cycle). NovaSeq Control Software 1.3.0.39308 was used for sequencing and Illumina BCL Convert v4.2.7 to convert base call (BCL) files into FASTQ files.	H.24h.F.38	H.24h	H.24h.F	psilocybin	1 mg / kg	24 hour	F	5	2	8 weeks	18 grams	9.2	C57BL/6	Psi1
A42	20250228_LH00295_0202_B22MLNGLT4	JDFSeq_0171	A23883	22MLNGLT4	7	S3	616311842	34.21	74.5	2.66	97.34	JDFSeq_0171_1_BR_Whole_C1_X3SCM_A23883_22MLNGLT4_CACTACGAAA_S3_L007_R1_001.fastq.gz	JDFSeq_0171_1_BR_Whole_C1_X3SCM_A23883_22MLNGLT4_CACTACGAAA_S3_L007_R1_001.fastq.gz	151	151	11	24	Sequencing run was performed on the NovaSeq X Series platform with 25B reagent kit (300 Cycle). NovaSeq Control Software 1.3.0.39308 was used for sequencing and Illumina BCL Convert v4.2.7 to convert base call (BCL) files into FASTQ files.	L.24h.M.42	L.24h	L.24h.M	psilocybin	0.25 mg / kg	24 hour	M	5	2	8 weeks	26 grams	9.5	C57BL/6	Psi1
A48	20250228_LH00295_0202_B22MLNGLT4	JDFSeq_0172	A23884	22MLNGLT4	7	S4	688919264	34.19	74.5	4.87	95.13	JDFSeq_0172_1_BR_Whole_C1_X3SCM_A23884_22MLNGLT4_CTCTAGCGAG_S4_L007_R1_001.fastq.gz	JDFSeq_0172_1_BR_Whole_C1_X3SCM_A23884_22MLNGLT4_CTCTAGCGAG_S4_L007_R1_001.fastq.gz	151	151	11	24	Sequencing run was performed on the NovaSeq X Series platform with 25B reagent kit (300 Cycle). NovaSeq Control Software 1.3.0.39308 was used for sequencing and Illumina BCL Convert v4.2.7 to convert base call (BCL) files into FASTQ files.	L.24h.F.48	L.24h	L.24h.F	psilocybin	0.25 mg / kg	24 hour	F	5	2	8 weeks	18 grams	9.4	C57BL/6	Psi1
A52	20250228_LH00295_0202_B22MLNGLT4	JDFSeq_0173	A23885	22MLNGLT4	7	S5	609987614	34.42	75.5	2.42	97.58	JDFSeq_0173_1_BR_Whole_C1_X3SCM_A23885_22MLNGLT4_GTAGCCCTGT_S5_L007_R1_001.fastq.gz	JDFSeq_0173_1_BR_Whole_C1_X3SCM_A23885_22MLNGLT4_GTAGCCCTGT_S5_L007_R1_001.fastq.gz	151	151	11	24	Sequencing run was performed on the NovaSeq X Series platform with 25B reagent kit (300 Cycle). NovaSeq Control Software 1.3.0.39308 was used for sequencing and Illumina BCL Convert v4.2.7 to convert base call (BCL) files into FASTQ files.	S.24h.M.52	S.24h	S.24h.M	saline	0.90%	24 hour	M	4	2	8 weeks	26 grams	9.3	C57BL/6	Psi1
A58	20250228_LH00295_0202_B22MLNGLT4	JDFSeq_0174	A23886	22MLNGLT4	7	S6	623440134	34.34	75	2.34	97.66	JDFSeq_0174_1_BR_Whole_C1_X3SCM_A23886_22MLNGLT4_TAACGCGTGA_S6_L007_R1_001.fastq.gz	JDFSeq_0174_1_BR_Whole_C1_X3SCM_A23886_22MLNGLT4_TAACGCGTGA_S6_L007_R1_001.fastq.gz	151	151	11	24	Sequencing run was performed on the NovaSeq X Series platform with 25B reagent kit (300 Cycle). NovaSeq Control Software 1.3.0.39308 was used for sequencing and Illumina BCL Convert v4.2.7 to convert base call (BCL) files into FASTQ files.	S.24h.F.58	S.24h	S.24h.F	saline	0.90%	24 hour	F	4	2	8 weeks	18 grams	9.3	C57BL/6	Psi1
A32	20250228_LH00295_0202_B22MLNGLT4	JDFSeq_0175	A23887	22MLNGLT4	7	S7	584304858	34.41	75.5	2.2	97.8	JDFSeq_0175_1_BR_Whole_C1_X3SCM_A23887_22MLNGLT4_TCCCAAGGGT_S7_L007_R1_001.fastq.gz	JDFSeq_0175_1_BR_Whole_C1_X3SCM_A23887_22MLNGLT4_TCCCAAGGGT_S7_L007_R1_001.fastq.gz	151	151	11	24	Sequencing run was performed on the NovaSeq X Series platform with 25B reagent kit (300 Cycle). NovaSeq Control Software 1.3.0.39308 was used for sequencing and Illumina BCL Convert v4.2.7 to convert base call (BCL) files into FASTQ files.	H.24h.M.32	H.24h	H.24h.M	psilocybin	1 mg / kg	24 hour	M	6	2	8 weeks	26 grams	9.5	C57BL/6	Psi1
A39	20250228_LH00295_0202_B22MLNGLT4	JDFSeq_0176	A23888	22MLNGLT4	7	S8	804903360	34.31	75	2.91	97.09	JDFSeq_0176_1_BR_Whole_C1_X3SCM_A23888_22MLNGLT4_CGAAGTATAC_S8_L007_R1_001.fastq.gz	JDFSeq_0176_1_BR_Whole_C1_X3SCM_A23888_22MLNGLT4_CGAAGTATAC_S8_L007_R1_001.fastq.gz	151	151	11	24	Sequencing run was performed on the NovaSeq X Series platform with 25B reagent kit (300 Cycle). NovaSeq Control Software 1.3.0.39308 was used for sequencing and Illumina BCL Convert v4.2.7 to convert base call (BCL) files into FASTQ files.	H.24h.F.39	H.24h	H.24h.F	psilocybin	1 mg / kg	24 hour	F	5	2	8 weeks	18 grams	9.4	C57BL/6	Psi1
A45	20250228_LH00295_0202_B22MLNGLT4	JDFSeq_0177	A23889	22MLNGLT4	7	S9	782565508	34.29	75	3.44	96.56	JDFSeq_0177_1_BR_Whole_C1_X3SCM_A23889_22MLNGLT4_AAGTGGAGAG_S9_L007_R1_001.fastq.gz	JDFSeq_0177_1_BR_Whole_C1_X3SCM_A23889_22MLNGLT4_AAGTGGAGAG_S9_L007_R1_001.fastq.gz	151	151	11	24	Sequencing run was performed on the NovaSeq X Series platform with 25B reagent kit (300 Cycle). NovaSeq Control Software 1.3.0.39308 was used for sequencing and Illumina BCL Convert v4.2.7 to convert base call (BCL) files into FASTQ files.	L.24h.M.45	L.24h	L.24h.M	psilocybin	0.25 mg / kg	24 hour	M	5	2	8 weeks	26 grams	9.9	C57BL/6	Psi1
A49	20250228_LH00295_0202_B22MLNGLT4	JDFSeq_0178	A23890	22MLNGLT4	7	S10	725631344	34.3	75	2.33	97.67	JDFSeq_0178_1_BR_Whole_C1_X3SCM_A23890_22MLNGLT4_CGTGACATGC_S10_L007_R1_001.fastq.gz	JDFSeq_0178_1_BR_Whole_C1_X3SCM_A23890_22MLNGLT4_CGTGACATGC_S10_L007_R1_001.fastq.gz	151	151	11	24	Sequencing run was performed on the NovaSeq X Series platform with 25B reagent kit (300 Cycle). NovaSeq Control Software 1.3.0.39308 was used for sequencing and Illumina BCL Convert v4.2.7 to convert base call (BCL) files into FASTQ files.	L.24h.F.49	L.24h	L.24h.F	psilocybin	0.25 mg / kg	24 hour	F	5	2	8 weeks	18 grams	9.3	C57BL/6	Psi1
A54	20250228_LH00295_0202_B22MLNGLT4	JDFSeq_0179	A23891	22MLNGLT4	7	S11	738811716	34.21	74.5	2.33	97.67	JDFSeq_0179_1_BR_Whole_C1_X3SCM_A23891_22MLNGLT4_CGGAACCCAA_S11_L007_R1_001.fastq.gz	JDFSeq_0179_1_BR_Whole_C1_X3SCM_A23891_22MLNGLT4_CGGAACCCAA_S11_L007_R1_001.fastq.gz	151	151	11	24	Sequencing run was performed on the NovaSeq X Series platform with 25B reagent kit (300 Cycle). NovaSeq Control Software 1.3.0.39308 was used for sequencing and Illumina BCL Convert v4.2.7 to convert base call (BCL) files into FASTQ files.	S.24h.M.54	S.24h	S.24h.M	saline	0.90%	24 hour	M	4	2	8 weeks	26 grams	9.5	C57BL/6	Psi1
A60	20250228_LH00295_0202_B22MLNGLT4	JDFSeq_0180	A23892	22MLNGLT4	7	S12	538892608	34.29	75	2.57	97.43	JDFSeq_0180_1_BR_Whole_C1_X3SCM_A23892_22MLNGLT4_CACCGCACCA_S12_L007_R1_001.fastq.gz	JDFSeq_0180_1_BR_Whole_C1_X3SCM_A23892_22MLNGLT4_CACCGCACCA_S12_L007_R1_001.fastq.gz	151	151	11	24	Sequencing run was performed on the NovaSeq X Series platform with 25B reagent kit (300 Cycle). NovaSeq Control Software 1.3.0.39308 was used for sequencing and Illumina BCL Convert v4.2.7 to convert base call (BCL) files into FASTQ files.	S.24h.F.60	S.24h	S.24h.F	saline	0.90%	24 hour	F	4	2	8 weeks	18 grams	9.3	C57BL/6	Psi1
A31	20250228_LH00295_0202_B22MLNGLT4	JDFSeq_0169	A23881	22MLNGLT4	8	S1	688427328	34.34	75	1.49	98.51	JDFSeq_0169_1_BR_Whole_C1_X3SCM_A23881_22MLNGLT4_GTAACATGCG_S1_L008_R1_001.fastq.gz	JDFSeq_0169_1_BR_Whole_C1_X3SCM_A23881_22MLNGLT4_GTAACATGCG_S1_L008_R1_001.fastq.gz	151	151	11	24	Sequencing run was performed on the NovaSeq X Series platform with 25B reagent kit (300 Cycle). NovaSeq Control Software 1.3.0.39308 was used for sequencing and Illumina BCL Convert v4.2.7 to convert base call (BCL) files into FASTQ files.	H.24h.M.31	H.24h	H.24h.M	psilocybin	1 mg / kg	24 hour	M	6	2	8 weeks	26 grams	9.6	C57BL/6	Psi1
A38	20250228_LH00295_0202_B22MLNGLT4	JDFSeq_0170	A23882	22MLNGLT4	8	S2	662762846	34.42	75	1.22	98.78	JDFSeq_0170_1_BR_Whole_C1_X3SCM_A23882_22MLNGLT4_GTGGATCAAA_S2_L008_R1_001.fastq.gz	JDFSeq_0170_1_BR_Whole_C1_X3SCM_A23882_22MLNGLT4_GTGGATCAAA_S2_L008_R1_001.fastq.gz	151	151	11	24	Sequencing run was performed on the NovaSeq X Series platform with 25B reagent kit (300 Cycle). NovaSeq Control Software 1.3.0.39308 was used for sequencing and Illumina BCL Convert v4.2.7 to convert base call (BCL) files into FASTQ files.	H.24h.F.38	H.24h	H.24h.F	psilocybin	1 mg / kg	24 hour	F	5	2	8 weeks	18 grams	9.2	C57BL/6	Psi1
A42	20250228_LH00295_0202_B22MLNGLT4	JDFSeq_0171	A23883	22MLNGLT4	8	S3	616575430	34.38	75	1.62	98.38	JDFSeq_0171_1_BR_Whole_C1_X3SCM_A23883_22MLNGLT4_CACTACGAAA_S3_L008_R1_001.fastq.gz	JDFSeq_0171_1_BR_Whole_C1_X3SCM_A23883_22MLNGLT4_CACTACGAAA_S3_L008_R1_001.fastq.gz	151	151	11	24	Sequencing run was performed on the NovaSeq X Series platform with 25B reagent kit (300 Cycle). NovaSeq Control Software 1.3.0.39308 was used for sequencing and Illumina BCL Convert v4.2.7 to convert base call (BCL) files into FASTQ files.	L.24h.M.42	L.24h	L.24h.M	psilocybin	0.25 mg / kg	24 hour	M	5	2	8 weeks	26 grams	9.5	C57BL/6	Psi1
A48	20250228_LH00295_0202_B22MLNGLT4	JDFSeq_0172	A23884	22MLNGLT4	8	S4	692869952	34.36	75	3.68	96.32	JDFSeq_0172_1_BR_Whole_C1_X3SCM_A23884_22MLNGLT4_CTCTAGCGAG_S4_L008_R1_001.fastq.gz	JDFSeq_0172_1_BR_Whole_C1_X3SCM_A23884_22MLNGLT4_CTCTAGCGAG_S4_L008_R1_001.fastq.gz	151	151	11	24	Sequencing run was performed on the NovaSeq X Series platform with 25B reagent kit (300 Cycle). NovaSeq Control Software 1.3.0.39308 was used for sequencing and Illumina BCL Convert v4.2.7 to convert base call (BCL) files into FASTQ files.	L.24h.F.48	L.24h	L.24h.F	psilocybin	0.25 mg / kg	24 hour	F	5	2	8 weeks	18 grams	9.4	C57BL/6	Psi1
A52	20250228_LH00295_0202_B22MLNGLT4	JDFSeq_0173	A23885	22MLNGLT4	8	S5	610209782	34.58	76	1.39	98.61	JDFSeq_0173_1_BR_Whole_C1_X3SCM_A23885_22MLNGLT4_GTAGCCCTGT_S5_L008_R1_001.fastq.gz	JDFSeq_0173_1_BR_Whole_C1_X3SCM_A23885_22MLNGLT4_GTAGCCCTGT_S5_L008_R1_001.fastq.gz	151	151	11	24	Sequencing run was performed on the NovaSeq X Series platform with 25B reagent kit (300 Cycle). NovaSeq Control Software 1.3.0.39308 was used for sequencing and Illumina BCL Convert v4.2.7 to convert base call (BCL) files into FASTQ files.	S.24h.M.52	S.24h	S.24h.M	saline	0.90%	24 hour	M	4	2	8 weeks	26 grams	9.3	C57BL/6	Psi1
A58	20250228_LH00295_0202_B22MLNGLT4	JDFSeq_0174	A23886	22MLNGLT4	8	S6	624274136	34.51	75.5	1.31	98.69	JDFSeq_0174_1_BR_Whole_C1_X3SCM_A23886_22MLNGLT4_TAACGCGTGA_S6_L008_R1_001.fastq.gz	JDFSeq_0174_1_BR_Whole_C1_X3SCM_A23886_22MLNGLT4_TAACGCGTGA_S6_L008_R1_001.fastq.gz	151	151	11	24	Sequencing run was performed on the NovaSeq X Series platform with 25B reagent kit (300 Cycle). NovaSeq Control Software 1.3.0.39308 was used for sequencing and Illumina BCL Convert v4.2.7 to convert base call (BCL) files into FASTQ files.	S.24h.F.58	S.24h	S.24h.F	saline	0.90%	24 hour	F	4	2	8 weeks	18 grams	9.3	C57BL/6	Psi1
A32	20250228_LH00295_0202_B22MLNGLT4	JDFSeq_0175	A23887	22MLNGLT4	8	S7	585963040	34.56	76.5	1.25	98.75	JDFSeq_0175_1_BR_Whole_C1_X3SCM_A23887_22MLNGLT4_TCCCAAGGGT_S7_L008_R1_001.fastq.gz	JDFSeq_0175_1_BR_Whole_C1_X3SCM_A23887_22MLNGLT4_TCCCAAGGGT_S7_L008_R1_001.fastq.gz	151	151	11	24	Sequencing run was performed on the NovaSeq X Series platform with 25B reagent kit (300 Cycle). NovaSeq Control Software 1.3.0.39308 was used for sequencing and Illumina BCL Convert v4.2.7 to convert base call (BCL) files into FASTQ files.	H.24h.M.32	H.24h	H.24h.M	psilocybin	1 mg / kg	24 hour	M	6	2	8 weeks	26 grams	9.5	C57BL/6	Psi1
A39	20250228_LH00295_0202_B22MLNGLT4	JDFSeq_0176	A23888	22MLNGLT4	8	S8	807952550	34.48	75.5	1.8	98.2	JDFSeq_0176_1_BR_Whole_C1_X3SCM_A23888_22MLNGLT4_CGAAGTATAC_S8_L008_R1_001.fastq.gz	JDFSeq_0176_1_BR_Whole_C1_X3SCM_A23888_22MLNGLT4_CGAAGTATAC_S8_L008_R1_001.fastq.gz	151	151	11	24	Sequencing run was performed on the NovaSeq X Series platform with 25B reagent kit (300 Cycle). NovaSeq Control Software 1.3.0.39308 was used for sequencing and Illumina BCL Convert v4.2.7 to convert base call (BCL) files into FASTQ files.	H.24h.F.39	H.24h	H.24h.F	psilocybin	1 mg / kg	24 hour	F	5	2	8 weeks	18 grams	9.4	C57BL/6	Psi1
A45	20250228_LH00295_0202_B22MLNGLT4	JDFSeq_0177	A23889	22MLNGLT4	8	S9	787475904	34.46	75.5	2.35	97.65	JDFSeq_0177_1_BR_Whole_C1_X3SCM_A23889_22MLNGLT4_AAGTGGAGAG_S9_L008_R1_001.fastq.gz	JDFSeq_0177_1_BR_Whole_C1_X3SCM_A23889_22MLNGLT4_AAGTGGAGAG_S9_L008_R1_001.fastq.gz	151	151	11	24	Sequencing run was performed on the NovaSeq X Series platform with 25B reagent kit (300 Cycle). NovaSeq Control Software 1.3.0.39308 was used for sequencing and Illumina BCL Convert v4.2.7 to convert base call (BCL) files into FASTQ files.	L.24h.M.45	L.24h	L.24h.M	psilocybin	0.25 mg / kg	24 hour	M	5	2	8 weeks	26 grams	9.9	C57BL/6	Psi1
A49	20250228_LH00295_0202_B22MLNGLT4	JDFSeq_0178	A23890	22MLNGLT4	8	S10	726808122	34.48	75.5	1.31	98.69	JDFSeq_0178_1_BR_Whole_C1_X3SCM_A23890_22MLNGLT4_CGTGACATGC_S10_L008_R1_001.fastq.gz	JDFSeq_0178_1_BR_Whole_C1_X3SCM_A23890_22MLNGLT4_CGTGACATGC_S10_L008_R1_001.fastq.gz	151	151	11	24	Sequencing run was performed on the NovaSeq X Series platform with 25B reagent kit (300 Cycle). NovaSeq Control Software 1.3.0.39308 was used for sequencing and Illumina BCL Convert v4.2.7 to convert base call (BCL) files into FASTQ files.	L.24h.F.49	L.24h	L.24h.F	psilocybin	0.25 mg / kg	24 hour	F	5	2	8 weeks	18 grams	9.3	C57BL/6	Psi1
A54	20250228_LH00295_0202_B22MLNGLT4	JDFSeq_0179	A23891	22MLNGLT4	8	S11	737239908	34.38	75	1.32	98.68	JDFSeq_0179_1_BR_Whole_C1_X3SCM_A23891_22MLNGLT4_CGGAACCCAA_S11_L008_R1_001.fastq.gz	JDFSeq_0179_1_BR_Whole_C1_X3SCM_A23891_22MLNGLT4_CGGAACCCAA_S11_L008_R1_001.fastq.gz	151	151	11	24	Sequencing run was performed on the NovaSeq X Series platform with 25B reagent kit (300 Cycle). NovaSeq Control Software 1.3.0.39308 was used for sequencing and Illumina BCL Convert v4.2.7 to convert base call (BCL) files into FASTQ files.	S.24h.M.54	S.24h	S.24h.M	saline	0.90%	24 hour	M	4	2	8 weeks	26 grams	9.5	C57BL/6	Psi1
A60	20250228_LH00295_0202_B22MLNGLT4	JDFSeq_0180	A23892	22MLNGLT4	8	S12	539781642	34.46	75.5	1.58	98.42	JDFSeq_0180_1_BR_Whole_C1_X3SCM_A23892_22MLNGLT4_CACCGCACCA_S12_L008_R1_001.fastq.gz	JDFSeq_0180_1_BR_Whole_C1_X3SCM_A23892_22MLNGLT4_CACCGCACCA_S12_L008_R1_001.fastq.gz	151	151	11	24	Sequencing run was performed on the NovaSeq X Series platform with 25B reagent kit (300 Cycle). NovaSeq Control Software 1.3.0.39308 was used for sequencing and Illumina BCL Convert v4.2.7 to convert base call (BCL) files into FASTQ files.	S.24h.F.60	S.24h	S.24h.F	saline	0.90%	24 hour	F	4	2	8 weeks	18 grams	9.3	C57BL/6	Psi1
A31	20250305_LH00295_0205_A22MLTCLT4	JDFSeq_0169	A23881	22MLTCLT4	1	S1	678185844	34.66	76.5	1.77	98.23	JDFSeq_0169_1_BR_Whole_C1_X3SCM_A23881_22MLTCLT4_GTAACATGCG_S1_L001_R1_001.fastq.gz	JDFSeq_0169_1_BR_Whole_C1_X3SCM_A23881_22MLTCLT4_GTAACATGCG_S1_L001_R1_001.fastq.gz	151	151	11	11	Sequencing run was performed on the NovaSeq X Series platform with 25B reagent kit (300 Cycle). NovaSeq Control Software 1.3.0.39308 was used for sequencing and Illumina BCL Convert v4.2.7 to convert base call (BCL) files into FASTQ files.	H.24h.M.31	H.24h	H.24h.M	psilocybin	1 mg / kg	24 hour	M	6	2	8 weeks	26 grams	9.6	C57BL/6	Psi1
A38	20250305_LH00295_0205_A22MLTCLT4	JDFSeq_0170	A23882	22MLTCLT4	1	S2	659563452	34.72	76.5	1.5	98.5	JDFSeq_0170_1_BR_Whole_C1_X3SCM_A23882_22MLTCLT4_GTGGATCAAA_S2_L001_R1_001.fastq.gz	JDFSeq_0170_1_BR_Whole_C1_X3SCM_A23882_22MLTCLT4_GTGGATCAAA_S2_L001_R1_001.fastq.gz	151	151	11	11	Sequencing run was performed on the NovaSeq X Series platform with 25B reagent kit (300 Cycle). NovaSeq Control Software 1.3.0.39308 was used for sequencing and Illumina BCL Convert v4.2.7 to convert base call (BCL) files into FASTQ files.	H.24h.F.38	H.24h	H.24h.F	psilocybin	1 mg / kg	24 hour	F	5	2	8 weeks	18 grams	9.2	C57BL/6	Psi1
A42	20250305_LH00295_0205_A22MLTCLT4	JDFSeq_0171	A23883	22MLTCLT4	1	S3	636666462	34.66	76	1.94	98.06	JDFSeq_0171_1_BR_Whole_C1_X3SCM_A23883_22MLTCLT4_CACTACGAAA_S3_L001_R1_001.fastq.gz	JDFSeq_0171_1_BR_Whole_C1_X3SCM_A23883_22MLTCLT4_CACTACGAAA_S3_L001_R1_001.fastq.gz	151	151	11	11	Sequencing run was performed on the NovaSeq X Series platform with 25B reagent kit (300 Cycle). NovaSeq Control Software 1.3.0.39308 was used for sequencing and Illumina BCL Convert v4.2.7 to convert base call (BCL) files into FASTQ files.	L.24h.M.42	L.24h	L.24h.M	psilocybin	0.25 mg / kg	24 hour	M	5	2	8 weeks	26 grams	9.5	C57BL/6	Psi1
A48	20250305_LH00295_0205_A22MLTCLT4	JDFSeq_0172	A23884	22MLTCLT4	1	S4	724939430	34.68	76.5	4.02	95.98	JDFSeq_0172_1_BR_Whole_C1_X3SCM_A23884_22MLTCLT4_CTCTAGCGAG_S4_L001_R1_001.fastq.gz	JDFSeq_0172_1_BR_Whole_C1_X3SCM_A23884_22MLTCLT4_CTCTAGCGAG_S4_L001_R1_001.fastq.gz	151	151	11	11	Sequencing run was performed on the NovaSeq X Series platform with 25B reagent kit (300 Cycle). NovaSeq Control Software 1.3.0.39308 was used for sequencing and Illumina BCL Convert v4.2.7 to convert base call (BCL) files into FASTQ files.	L.24h.F.48	L.24h	L.24h.F	psilocybin	0.25 mg / kg	24 hour	F	5	2	8 weeks	18 grams	9.4	C57BL/6	Psi1
A52	20250305_LH00295_0205_A22MLTCLT4	JDFSeq_0173	A23885	22MLTCLT4	1	S5	624030248	34.88	77.5	1.65	98.35	JDFSeq_0173_1_BR_Whole_C1_X3SCM_A23885_22MLTCLT4_GTAGCCCTGT_S5_L001_R1_001.fastq.gz	JDFSeq_0173_1_BR_Whole_C1_X3SCM_A23885_22MLTCLT4_GTAGCCCTGT_S5_L001_R1_001.fastq.gz	151	151	11	11	Sequencing run was performed on the NovaSeq X Series platform with 25B reagent kit (300 Cycle). NovaSeq Control Software 1.3.0.39308 was used for sequencing and Illumina BCL Convert v4.2.7 to convert base call (BCL) files into FASTQ files.	S.24h.M.52	S.24h	S.24h.M	saline	0.90%	24 hour	M	4	2	8 weeks	26 grams	9.3	C57BL/6	Psi1
A58	20250305_LH00295_0205_A22MLTCLT4	JDFSeq_0174	A23886	22MLTCLT4	1	S6	640300634	34.8	77	1.59	98.41	JDFSeq_0174_1_BR_Whole_C1_X3SCM_A23886_22MLTCLT4_TAACGCGTGA_S6_L001_R1_001.fastq.gz	JDFSeq_0174_1_BR_Whole_C1_X3SCM_A23886_22MLTCLT4_TAACGCGTGA_S6_L001_R1_001.fastq.gz	151	151	11	11	Sequencing run was performed on the NovaSeq X Series platform with 25B reagent kit (300 Cycle). NovaSeq Control Software 1.3.0.39308 was used for sequencing and Illumina BCL Convert v4.2.7 to convert base call (BCL) files into FASTQ files.	S.24h.F.58	S.24h	S.24h.F	saline	0.90%	24 hour	F	4	2	8 weeks	18 grams	9.3	C57BL/6	Psi1
A32	20250305_LH00295_0205_A22MLTCLT4	JDFSeq_0175	A23887	22MLTCLT4	1	S7	610570332	34.86	77	1.54	98.46	JDFSeq_0175_1_BR_Whole_C1_X3SCM_A23887_22MLTCLT4_TCCCAAGGGT_S7_L001_R1_001.fastq.gz	JDFSeq_0175_1_BR_Whole_C1_X3SCM_A23887_22MLTCLT4_TCCCAAGGGT_S7_L001_R1_001.fastq.gz	151	151	11	11	Sequencing run was performed on the NovaSeq X Series platform with 25B reagent kit (300 Cycle). NovaSeq Control Software 1.3.0.39308 was used for sequencing and Illumina BCL Convert v4.2.7 to convert base call (BCL) files into FASTQ files.	H.24h.M.32	H.24h	H.24h.M	psilocybin	1 mg / kg	24 hour	M	6	2	8 weeks	26 grams	9.5	C57BL/6	Psi1
A39	20250305_LH00295_0205_A22MLTCLT4	JDFSeq_0176	A23888	22MLTCLT4	1	S8	823232870	34.8	77	2.1	97.9	JDFSeq_0176_1_BR_Whole_C1_X3SCM_A23888_22MLTCLT4_CGAAGTATAC_S8_L001_R1_001.fastq.gz	JDFSeq_0176_1_BR_Whole_C1_X3SCM_A23888_22MLTCLT4_CGAAGTATAC_S8_L001_R1_001.fastq.gz	151	151	11	11	Sequencing run was performed on the NovaSeq X Series platform with 25B reagent kit (300 Cycle). NovaSeq Control Software 1.3.0.39308 was used for sequencing and Illumina BCL Convert v4.2.7 to convert base call (BCL) files into FASTQ files.	H.24h.F.39	H.24h	H.24h.F	psilocybin	1 mg / kg	24 hour	F	5	2	8 weeks	18 grams	9.4	C57BL/6	Psi1
A45	20250305_LH00295_0205_A22MLTCLT4	JDFSeq_0177	A23889	22MLTCLT4	1	S9	794911778	34.76	77	2.72	97.28	JDFSeq_0177_1_BR_Whole_C1_X3SCM_A23889_22MLTCLT4_AAGTGGAGAG_S9_L001_R1_001.fastq.gz	JDFSeq_0177_1_BR_Whole_C1_X3SCM_A23889_22MLTCLT4_AAGTGGAGAG_S9_L001_R1_001.fastq.gz	151	151	11	11	Sequencing run was performed on the NovaSeq X Series platform with 25B reagent kit (300 Cycle). NovaSeq Control Software 1.3.0.39308 was used for sequencing and Illumina BCL Convert v4.2.7 to convert base call (BCL) files into FASTQ files.	L.24h.M.45	L.24h	L.24h.M	psilocybin	0.25 mg / kg	24 hour	M	5	2	8 weeks	26 grams	9.9	C57BL/6	Psi1
A49	20250305_LH00295_0205_A22MLTCLT4	JDFSeq_0178	A23890	22MLTCLT4	1	S10	733649326	34.78	77	1.59	98.41	JDFSeq_0178_1_BR_Whole_C1_X3SCM_A23890_22MLTCLT4_CGTGACATGC_S10_L001_R1_001.fastq.gz	JDFSeq_0178_1_BR_Whole_C1_X3SCM_A23890_22MLTCLT4_CGTGACATGC_S10_L001_R1_001.fastq.gz	151	151	11	11	Sequencing run was performed on the NovaSeq X Series platform with 25B reagent kit (300 Cycle). NovaSeq Control Software 1.3.0.39308 was used for sequencing and Illumina BCL Convert v4.2.7 to convert base call (BCL) files into FASTQ files.	L.24h.F.49	L.24h	L.24h.F	psilocybin	0.25 mg / kg	24 hour	F	5	2	8 weeks	18 grams	9.3	C57BL/6	Psi1
A54	20250305_LH00295_0205_A22MLTCLT4	JDFSeq_0179	A23891	22MLTCLT4	1	S11	757218414	34.7	76.5	1.61	98.39	JDFSeq_0179_1_BR_Whole_C1_X3SCM_A23891_22MLTCLT4_CGGAACCCAA_S11_L001_R1_001.fastq.gz	JDFSeq_0179_1_BR_Whole_C1_X3SCM_A23891_22MLTCLT4_CGGAACCCAA_S11_L001_R1_001.fastq.gz	151	151	11	11	Sequencing run was performed on the NovaSeq X Series platform with 25B reagent kit (300 Cycle). NovaSeq Control Software 1.3.0.39308 was used for sequencing and Illumina BCL Convert v4.2.7 to convert base call (BCL) files into FASTQ files.	S.24h.M.54	S.24h	S.24h.M	saline	0.90%	24 hour	M	4	2	8 weeks	26 grams	9.5	C57BL/6	Psi1
A60	20250305_LH00295_0205_A22MLTCLT4	JDFSeq_0180	A23892	22MLTCLT4	1	S12	568953302	34.76	76.5	1.9	98.1	JDFSeq_0180_1_BR_Whole_C1_X3SCM_A23892_22MLTCLT4_CACCGCACCA_S12_L001_R1_001.fastq.gz	JDFSeq_0180_1_BR_Whole_C1_X3SCM_A23892_22MLTCLT4_CACCGCACCA_S12_L001_R1_001.fastq.gz	151	151	11	11	Sequencing run was performed on the NovaSeq X Series platform with 25B reagent kit (300 Cycle). NovaSeq Control Software 1.3.0.39308 was used for sequencing and Illumina BCL Convert v4.2.7 to convert base call (BCL) files into FASTQ files.	S.24h.F.60	S.24h	S.24h.F	saline	0.90%	24 hour	F	4	2	8 weeks	18 grams	9.3	C57BL/6	Psi1
A31	20250305_LH00295_0205_A22MLTCLT4	JDFSeq_0169	A23881	22MLTCLT4	2	S1	679427608	34.45	75.5	2.39	97.61	JDFSeq_0169_1_BR_Whole_C1_X3SCM_A23881_22MLTCLT4_GTAACATGCG_S1_L002_R1_001.fastq.gz	JDFSeq_0169_1_BR_Whole_C1_X3SCM_A23881_22MLTCLT4_GTAACATGCG_S1_L002_R1_001.fastq.gz	151	151	11	11	Sequencing run was performed on the NovaSeq X Series platform with 25B reagent kit (300 Cycle). NovaSeq Control Software 1.3.0.39308 was used for sequencing and Illumina BCL Convert v4.2.7 to convert base call (BCL) files into FASTQ files.	H.24h.M.31	H.24h	H.24h.M	psilocybin	1 mg / kg	24 hour	M	6	2	8 weeks	26 grams	9.6	C57BL/6	Psi1
A38	20250305_LH00295_0205_A22MLTCLT4	JDFSeq_0170	A23882	22MLTCLT4	2	S2	663260756	34.52	76	2.03	97.97	JDFSeq_0170_1_BR_Whole_C1_X3SCM_A23882_22MLTCLT4_GTGGATCAAA_S2_L002_R1_001.fastq.gz	JDFSeq_0170_1_BR_Whole_C1_X3SCM_A23882_22MLTCLT4_GTGGATCAAA_S2_L002_R1_001.fastq.gz	151	151	11	11	Sequencing run was performed on the NovaSeq X Series platform with 25B reagent kit (300 Cycle). NovaSeq Control Software 1.3.0.39308 was used for sequencing and Illumina BCL Convert v4.2.7 to convert base call (BCL) files into FASTQ files.	H.24h.F.38	H.24h	H.24h.F	psilocybin	1 mg / kg	24 hour	F	5	2	8 weeks	18 grams	9.2	C57BL/6	Psi1
A42	20250305_LH00295_0205_A22MLTCLT4	JDFSeq_0171	A23883	22MLTCLT4	2	S3	640729600	34.45	75.5	2.55	97.45	JDFSeq_0171_1_BR_Whole_C1_X3SCM_A23883_22MLTCLT4_CACTACGAAA_S3_L002_R1_001.fastq.gz	JDFSeq_0171_1_BR_Whole_C1_X3SCM_A23883_22MLTCLT4_CACTACGAAA_S3_L002_R1_001.fastq.gz	151	151	11	11	Sequencing run was performed on the NovaSeq X Series platform with 25B reagent kit (300 Cycle). NovaSeq Control Software 1.3.0.39308 was used for sequencing and Illumina BCL Convert v4.2.7 to convert base call (BCL) files into FASTQ files.	L.24h.M.42	L.24h	L.24h.M	psilocybin	0.25 mg / kg	24 hour	M	5	2	8 weeks	26 grams	9.5	C57BL/6	Psi1
A48	20250305_LH00295_0205_A22MLTCLT4	JDFSeq_0172	A23884	22MLTCLT4	2	S4	728970314	34.48	76	4.62	95.38	JDFSeq_0172_1_BR_Whole_C1_X3SCM_A23884_22MLTCLT4_CTCTAGCGAG_S4_L002_R1_001.fastq.gz	JDFSeq_0172_1_BR_Whole_C1_X3SCM_A23884_22MLTCLT4_CTCTAGCGAG_S4_L002_R1_001.fastq.gz	151	151	11	11	Sequencing run was performed on the NovaSeq X Series platform with 25B reagent kit (300 Cycle). NovaSeq Control Software 1.3.0.39308 was used for sequencing and Illumina BCL Convert v4.2.7 to convert base call (BCL) files into FASTQ files.	L.24h.F.48	L.24h	L.24h.F	psilocybin	0.25 mg / kg	24 hour	F	5	2	8 weeks	18 grams	9.4	C57BL/6	Psi1
A52	20250305_LH00295_0205_A22MLTCLT4	JDFSeq_0173	A23885	22MLTCLT4	2	S5	627913396	34.7	76.5	2.23	97.77	JDFSeq_0173_1_BR_Whole_C1_X3SCM_A23885_22MLTCLT4_GTAGCCCTGT_S5_L002_R1_001.fastq.gz	JDFSeq_0173_1_BR_Whole_C1_X3SCM_A23885_22MLTCLT4_GTAGCCCTGT_S5_L002_R1_001.fastq.gz	151	151	11	11	Sequencing run was performed on the NovaSeq X Series platform with 25B reagent kit (300 Cycle). NovaSeq Control Software 1.3.0.39308 was used for sequencing and Illumina BCL Convert v4.2.7 to convert base call (BCL) files into FASTQ files.	S.24h.M.52	S.24h	S.24h.M	saline	0.90%	24 hour	M	4	2	8 weeks	26 grams	9.3	C57BL/6	Psi1
A58	20250305_LH00295_0205_A22MLTCLT4	JDFSeq_0174	A23886	22MLTCLT4	2	S6	644055712	34.61	76.5	2.16	97.84	JDFSeq_0174_1_BR_Whole_C1_X3SCM_A23886_22MLTCLT4_TAACGCGTGA_S6_L002_R1_001.fastq.gz	JDFSeq_0174_1_BR_Whole_C1_X3SCM_A23886_22MLTCLT4_TAACGCGTGA_S6_L002_R1_001.fastq.gz	151	151	11	11	Sequencing run was performed on the NovaSeq X Series platform with 25B reagent kit (300 Cycle). NovaSeq Control Software 1.3.0.39308 was used for sequencing and Illumina BCL Convert v4.2.7 to convert base call (BCL) files into FASTQ files.	S.24h.F.58	S.24h	S.24h.F	saline	0.90%	24 hour	F	4	2	8 weeks	18 grams	9.3	C57BL/6	Psi1
A32	20250305_LH00295_0205_A22MLTCLT4	JDFSeq_0175	A23887	22MLTCLT4	2	S7	615025362	34.67	76.5	2.1	97.9	JDFSeq_0175_1_BR_Whole_C1_X3SCM_A23887_22MLTCLT4_TCCCAAGGGT_S7_L002_R1_001.fastq.gz	JDFSeq_0175_1_BR_Whole_C1_X3SCM_A23887_22MLTCLT4_TCCCAAGGGT_S7_L002_R1_001.fastq.gz	151	151	11	11	Sequencing run was performed on the NovaSeq X Series platform with 25B reagent kit (300 Cycle). NovaSeq Control Software 1.3.0.39308 was used for sequencing and Illumina BCL Convert v4.2.7 to convert base call (BCL) files into FASTQ files.	H.24h.M.32	H.24h	H.24h.M	psilocybin	1 mg / kg	24 hour	M	6	2	8 weeks	26 grams	9.5	C57BL/6	Psi1
A39	20250305_LH00295_0205_A22MLTCLT4	JDFSeq_0176	A23888	22MLTCLT4	2	S8	829103286	34.6	76.5	2.75	97.25	JDFSeq_0176_1_BR_Whole_C1_X3SCM_A23888_22MLTCLT4_CGAAGTATAC_S8_L002_R1_001.fastq.gz	JDFSeq_0176_1_BR_Whole_C1_X3SCM_A23888_22MLTCLT4_CGAAGTATAC_S8_L002_R1_001.fastq.gz	151	151	11	11	Sequencing run was performed on the NovaSeq X Series platform with 25B reagent kit (300 Cycle). NovaSeq Control Software 1.3.0.39308 was used for sequencing and Illumina BCL Convert v4.2.7 to convert base call (BCL) files into FASTQ files.	H.24h.F.39	H.24h	H.24h.F	psilocybin	1 mg / kg	24 hour	F	5	2	8 weeks	18 grams	9.4	C57BL/6	Psi1
A45	20250305_LH00295_0205_A22MLTCLT4	JDFSeq_0177	A23889	22MLTCLT4	2	S9	799555116	34.56	76	3.4	96.6	JDFSeq_0177_1_BR_Whole_C1_X3SCM_A23889_22MLTCLT4_AAGTGGAGAG_S9_L002_R1_001.fastq.gz	JDFSeq_0177_1_BR_Whole_C1_X3SCM_A23889_22MLTCLT4_AAGTGGAGAG_S9_L002_R1_001.fastq.gz	151	151	11	11	Sequencing run was performed on the NovaSeq X Series platform with 25B reagent kit (300 Cycle). NovaSeq Control Software 1.3.0.39308 was used for sequencing and Illumina BCL Convert v4.2.7 to convert base call (BCL) files into FASTQ files.	L.24h.M.45	L.24h	L.24h.M	psilocybin	0.25 mg / kg	24 hour	M	5	2	8 weeks	26 grams	9.9	C57BL/6	Psi1
A49	20250305_LH00295_0205_A22MLTCLT4	JDFSeq_0178	A23890	22MLTCLT4	2	S10	738645894	34.58	76	2.17	97.83	JDFSeq_0178_1_BR_Whole_C1_X3SCM_A23890_22MLTCLT4_CGTGACATGC_S10_L002_R1_001.fastq.gz	JDFSeq_0178_1_BR_Whole_C1_X3SCM_A23890_22MLTCLT4_CGTGACATGC_S10_L002_R1_001.fastq.gz	151	151	11	11	Sequencing run was performed on the NovaSeq X Series platform with 25B reagent kit (300 Cycle). NovaSeq Control Software 1.3.0.39308 was used for sequencing and Illumina BCL Convert v4.2.7 to convert base call (BCL) files into FASTQ files.	L.24h.F.49	L.24h	L.24h.F	psilocybin	0.25 mg / kg	24 hour	F	5	2	8 weeks	18 grams	9.3	C57BL/6	Psi1
A54	20250305_LH00295_0205_A22MLTCLT4	JDFSeq_0179	A23891	22MLTCLT4	2	S11	762120720	34.5	75.5	2.18	97.82	JDFSeq_0179_1_BR_Whole_C1_X3SCM_A23891_22MLTCLT4_CGGAACCCAA_S11_L002_R1_001.fastq.gz	JDFSeq_0179_1_BR_Whole_C1_X3SCM_A23891_22MLTCLT4_CGGAACCCAA_S11_L002_R1_001.fastq.gz	151	151	11	11	Sequencing run was performed on the NovaSeq X Series platform with 25B reagent kit (300 Cycle). NovaSeq Control Software 1.3.0.39308 was used for sequencing and Illumina BCL Convert v4.2.7 to convert base call (BCL) files into FASTQ files.	S.24h.M.54	S.24h	S.24h.M	saline	0.90%	24 hour	M	4	2	8 weeks	26 grams	9.5	C57BL/6	Psi1
A60	20250305_LH00295_0205_A22MLTCLT4	JDFSeq_0180	A23892	22MLTCLT4	2	S12	572987666	34.57	76	2.51	97.49	JDFSeq_0180_1_BR_Whole_C1_X3SCM_A23892_22MLTCLT4_CACCGCACCA_S12_L002_R1_001.fastq.gz	JDFSeq_0180_1_BR_Whole_C1_X3SCM_A23892_22MLTCLT4_CACCGCACCA_S12_L002_R1_001.fastq.gz	151	151	11	11	Sequencing run was performed on the NovaSeq X Series platform with 25B reagent kit (300 Cycle). NovaSeq Control Software 1.3.0.39308 was used for sequencing and Illumina BCL Convert v4.2.7 to convert base call (BCL) files into FASTQ files.	S.24h.F.60	S.24h	S.24h.F	saline	0.90%	24 hour	F	4	2	8 weeks	18 grams	9.3	C57BL/6	Psi1
A31	20250305_LH00295_0205_A22MLTCLT4	JDFSeq_0169	A23881	22MLTCLT4	3	S1	675610408	34.35	75	1.96	98.04	JDFSeq_0169_1_BR_Whole_C1_X3SCM_A23881_22MLTCLT4_GTAACATGCG_S1_L003_R1_001.fastq.gz	JDFSeq_0169_1_BR_Whole_C1_X3SCM_A23881_22MLTCLT4_GTAACATGCG_S1_L003_R1_001.fastq.gz	151	151	11	11	Sequencing run was performed on the NovaSeq X Series platform with 25B reagent kit (300 Cycle). NovaSeq Control Software 1.3.0.39308 was used for sequencing and Illumina BCL Convert v4.2.7 to convert base call (BCL) files into FASTQ files.	H.24h.M.31	H.24h	H.24h.M	psilocybin	1 mg / kg	24 hour	M	6	2	8 weeks	26 grams	9.6	C57BL/6	Psi1
A38	20250305_LH00295_0205_A22MLTCLT4	JDFSeq_0170	A23882	22MLTCLT4	3	S2	658472200	34.41	75.5	1.58	98.42	JDFSeq_0170_1_BR_Whole_C1_X3SCM_A23882_22MLTCLT4_GTGGATCAAA_S2_L003_R1_001.fastq.gz	JDFSeq_0170_1_BR_Whole_C1_X3SCM_A23882_22MLTCLT4_GTGGATCAAA_S2_L003_R1_001.fastq.gz	151	151	11	11	Sequencing run was performed on the NovaSeq X Series platform with 25B reagent kit (300 Cycle). NovaSeq Control Software 1.3.0.39308 was used for sequencing and Illumina BCL Convert v4.2.7 to convert base call (BCL) files into FASTQ files.	H.24h.F.38	H.24h	H.24h.F	psilocybin	1 mg / kg	24 hour	F	5	2	8 weeks	18 grams	9.2	C57BL/6	Psi1
A42	20250305_LH00295_0205_A22MLTCLT4	JDFSeq_0171	A23883	22MLTCLT4	3	S3	635501350	34.35	75	2.12	97.88	JDFSeq_0171_1_BR_Whole_C1_X3SCM_A23883_22MLTCLT4_CACTACGAAA_S3_L003_R1_001.fastq.gz	JDFSeq_0171_1_BR_Whole_C1_X3SCM_A23883_22MLTCLT4_CACTACGAAA_S3_L003_R1_001.fastq.gz	151	151	11	11	Sequencing run was performed on the NovaSeq X Series platform with 25B reagent kit (300 Cycle). NovaSeq Control Software 1.3.0.39308 was used for sequencing and Illumina BCL Convert v4.2.7 to convert base call (BCL) files into FASTQ files.	L.24h.M.42	L.24h	L.24h.M	psilocybin	0.25 mg / kg	24 hour	M	5	2	8 weeks	26 grams	9.5	C57BL/6	Psi1
A48	20250305_LH00295_0205_A22MLTCLT4	JDFSeq_0172	A23884	22MLTCLT4	3	S4	727061860	34.36	75.5	4.51	95.49	JDFSeq_0172_1_BR_Whole_C1_X3SCM_A23884_22MLTCLT4_CTCTAGCGAG_S4_L003_R1_001.fastq.gz	JDFSeq_0172_1_BR_Whole_C1_X3SCM_A23884_22MLTCLT4_CTCTAGCGAG_S4_L003_R1_001.fastq.gz	151	151	11	11	Sequencing run was performed on the NovaSeq X Series platform with 25B reagent kit (300 Cycle). NovaSeq Control Software 1.3.0.39308 was used for sequencing and Illumina BCL Convert v4.2.7 to convert base call (BCL) files into FASTQ files.	L.24h.F.48	L.24h	L.24h.F	psilocybin	0.25 mg / kg	24 hour	F	5	2	8 weeks	18 grams	9.4	C57BL/6	Psi1
A52	20250305_LH00295_0205_A22MLTCLT4	JDFSeq_0173	A23885	22MLTCLT4	3	S5	620296936	34.6	76.5	1.84	98.16	JDFSeq_0173_1_BR_Whole_C1_X3SCM_A23885_22MLTCLT4_GTAGCCCTGT_S5_L003_R1_001.fastq.gz	JDFSeq_0173_1_BR_Whole_C1_X3SCM_A23885_22MLTCLT4_GTAGCCCTGT_S5_L003_R1_001.fastq.gz	151	151	11	11	Sequencing run was performed on the NovaSeq X Series platform with 25B reagent kit (300 Cycle). NovaSeq Control Software 1.3.0.39308 was used for sequencing and Illumina BCL Convert v4.2.7 to convert base call (BCL) files into FASTQ files.	S.24h.M.52	S.24h	S.24h.M	saline	0.90%	24 hour	M	4	2	8 weeks	26 grams	9.3	C57BL/6	Psi1
A58	20250305_LH00295_0205_A22MLTCLT4	JDFSeq_0174	A23886	22MLTCLT4	3	S6	640674330	34.51	76	1.68	98.32	JDFSeq_0174_1_BR_Whole_C1_X3SCM_A23886_22MLTCLT4_TAACGCGTGA_S6_L003_R1_001.fastq.gz	JDFSeq_0174_1_BR_Whole_C1_X3SCM_A23886_22MLTCLT4_TAACGCGTGA_S6_L003_R1_001.fastq.gz	151	151	11	11	Sequencing run was performed on the NovaSeq X Series platform with 25B reagent kit (300 Cycle). NovaSeq Control Software 1.3.0.39308 was used for sequencing and Illumina BCL Convert v4.2.7 to convert base call (BCL) files into FASTQ files.	S.24h.F.58	S.24h	S.24h.F	saline	0.90%	24 hour	F	4	2	8 weeks	18 grams	9.3	C57BL/6	Psi1
A32	20250305_LH00295_0205_A22MLTCLT4	JDFSeq_0175	A23887	22MLTCLT4	3	S7	609051290	34.58	76	1.68	98.32	JDFSeq_0175_1_BR_Whole_C1_X3SCM_A23887_22MLTCLT4_TCCCAAGGGT_S7_L003_R1_001.fastq.gz	JDFSeq_0175_1_BR_Whole_C1_X3SCM_A23887_22MLTCLT4_TCCCAAGGGT_S7_L003_R1_001.fastq.gz	151	151	11	11	Sequencing run was performed on the NovaSeq X Series platform with 25B reagent kit (300 Cycle). NovaSeq Control Software 1.3.0.39308 was used for sequencing and Illumina BCL Convert v4.2.7 to convert base call (BCL) files into FASTQ files.	H.24h.M.32	H.24h	H.24h.M	psilocybin	1 mg / kg	24 hour	M	6	2	8 weeks	26 grams	9.5	C57BL/6	Psi1
A39	20250305_LH00295_0205_A22MLTCLT4	JDFSeq_0176	A23888	22MLTCLT4	3	S8	825085978	34.5	76	2.24	97.76	JDFSeq_0176_1_BR_Whole_C1_X3SCM_A23888_22MLTCLT4_CGAAGTATAC_S8_L003_R1_001.fastq.gz	JDFSeq_0176_1_BR_Whole_C1_X3SCM_A23888_22MLTCLT4_CGAAGTATAC_S8_L003_R1_001.fastq.gz	151	151	11	11	Sequencing run was performed on the NovaSeq X Series platform with 25B reagent kit (300 Cycle). NovaSeq Control Software 1.3.0.39308 was used for sequencing and Illumina BCL Convert v4.2.7 to convert base call (BCL) files into FASTQ files.	H.24h.F.39	H.24h	H.24h.F	psilocybin	1 mg / kg	24 hour	F	5	2	8 weeks	18 grams	9.4	C57BL/6	Psi1
A45	20250305_LH00295_0205_A22MLTCLT4	JDFSeq_0177	A23889	22MLTCLT4	3	S9	798930376	34.47	75.5	3.11	96.89	JDFSeq_0177_1_BR_Whole_C1_X3SCM_A23889_22MLTCLT4_AAGTGGAGAG_S9_L003_R1_001.fastq.gz	JDFSeq_0177_1_BR_Whole_C1_X3SCM_A23889_22MLTCLT4_AAGTGGAGAG_S9_L003_R1_001.fastq.gz	151	151	11	11	Sequencing run was performed on the NovaSeq X Series platform with 25B reagent kit (300 Cycle). NovaSeq Control Software 1.3.0.39308 was used for sequencing and Illumina BCL Convert v4.2.7 to convert base call (BCL) files into FASTQ files.	L.24h.M.45	L.24h	L.24h.M	psilocybin	0.25 mg / kg	24 hour	M	5	2	8 weeks	26 grams	9.9	C57BL/6	Psi1
A49	20250305_LH00295_0205_A22MLTCLT4	JDFSeq_0178	A23890	22MLTCLT4	3	S10	735628262	34.48	76	1.75	98.25	JDFSeq_0178_1_BR_Whole_C1_X3SCM_A23890_22MLTCLT4_CGTGACATGC_S10_L003_R1_001.fastq.gz	JDFSeq_0178_1_BR_Whole_C1_X3SCM_A23890_22MLTCLT4_CGTGACATGC_S10_L003_R1_001.fastq.gz	151	151	11	11	Sequencing run was performed on the NovaSeq X Series platform with 25B reagent kit (300 Cycle). NovaSeq Control Software 1.3.0.39308 was used for sequencing and Illumina BCL Convert v4.2.7 to convert base call (BCL) files into FASTQ files.	L.24h.F.49	L.24h	L.24h.F	psilocybin	0.25 mg / kg	24 hour	F	5	2	8 weeks	18 grams	9.3	C57BL/6	Psi1
A54	20250305_LH00295_0205_A22MLTCLT4	JDFSeq_0179	A23891	22MLTCLT4	3	S11	759892520	34.38	75.5	1.76	98.24	JDFSeq_0179_1_BR_Whole_C1_X3SCM_A23891_22MLTCLT4_CGGAACCCAA_S11_L003_R1_001.fastq.gz	JDFSeq_0179_1_BR_Whole_C1_X3SCM_A23891_22MLTCLT4_CGGAACCCAA_S11_L003_R1_001.fastq.gz	151	151	11	11	Sequencing run was performed on the NovaSeq X Series platform with 25B reagent kit (300 Cycle). NovaSeq Control Software 1.3.0.39308 was used for sequencing and Illumina BCL Convert v4.2.7 to convert base call (BCL) files into FASTQ files.	S.24h.M.54	S.24h	S.24h.M	saline	0.90%	24 hour	M	4	2	8 weeks	26 grams	9.5	C57BL/6	Psi1
A60	20250305_LH00295_0205_A22MLTCLT4	JDFSeq_0180	A23892	22MLTCLT4	3	S12	570109780	34.47	75.5	2.06	97.94	JDFSeq_0180_1_BR_Whole_C1_X3SCM_A23892_22MLTCLT4_CACCGCACCA_S12_L003_R1_001.fastq.gz	JDFSeq_0180_1_BR_Whole_C1_X3SCM_A23892_22MLTCLT4_CACCGCACCA_S12_L003_R1_001.fastq.gz	151	151	11	11	Sequencing run was performed on the NovaSeq X Series platform with 25B reagent kit (300 Cycle). NovaSeq Control Software 1.3.0.39308 was used for sequencing and Illumina BCL Convert v4.2.7 to convert base call (BCL) files into FASTQ files.	S.24h.F.60	S.24h	S.24h.F	saline	0.90%	24 hour	F	4	2	8 weeks	18 grams	9.3	C57BL/6	Psi1
A31	20250305_LH00295_0205_A22MLTCLT4	JDFSeq_0169	A23881	22MLTCLT4	4	S1	643770996	34.13	74	2.13	97.87	JDFSeq_0169_1_BR_Whole_C1_X3SCM_A23881_22MLTCLT4_GTAACATGCG_S1_L004_R1_001.fastq.gz	JDFSeq_0169_1_BR_Whole_C1_X3SCM_A23881_22MLTCLT4_GTAACATGCG_S1_L004_R1_001.fastq.gz	151	151	11	11	Sequencing run was performed on the NovaSeq X Series platform with 25B reagent kit (300 Cycle). NovaSeq Control Software 1.3.0.39308 was used for sequencing and Illumina BCL Convert v4.2.7 to convert base call (BCL) files into FASTQ files.	H.24h.M.31	H.24h	H.24h.M	psilocybin	1 mg / kg	24 hour	M	6	2	8 weeks	26 grams	9.6	C57BL/6	Psi1
A38	20250305_LH00295_0205_A22MLTCLT4	JDFSeq_0170	A23882	22MLTCLT4	4	S2	632705920	34.2	74	1.68	98.32	JDFSeq_0170_1_BR_Whole_C1_X3SCM_A23882_22MLTCLT4_GTGGATCAAA_S2_L004_R1_001.fastq.gz	JDFSeq_0170_1_BR_Whole_C1_X3SCM_A23882_22MLTCLT4_GTGGATCAAA_S2_L004_R1_001.fastq.gz	151	151	11	11	Sequencing run was performed on the NovaSeq X Series platform with 25B reagent kit (300 Cycle). NovaSeq Control Software 1.3.0.39308 was used for sequencing and Illumina BCL Convert v4.2.7 to convert base call (BCL) files into FASTQ files.	H.24h.F.38	H.24h	H.24h.F	psilocybin	1 mg / kg	24 hour	F	5	2	8 weeks	18 grams	9.2	C57BL/6	Psi1
A42	20250305_LH00295_0205_A22MLTCLT4	JDFSeq_0171	A23883	22MLTCLT4	4	S3	610031196	34.13	74	2.29	97.71	JDFSeq_0171_1_BR_Whole_C1_X3SCM_A23883_22MLTCLT4_CACTACGAAA_S3_L004_R1_001.fastq.gz	JDFSeq_0171_1_BR_Whole_C1_X3SCM_A23883_22MLTCLT4_CACTACGAAA_S3_L004_R1_001.fastq.gz	151	151	11	11	Sequencing run was performed on the NovaSeq X Series platform with 25B reagent kit (300 Cycle). NovaSeq Control Software 1.3.0.39308 was used for sequencing and Illumina BCL Convert v4.2.7 to convert base call (BCL) files into FASTQ files.	L.24h.M.42	L.24h	L.24h.M	psilocybin	0.25 mg / kg	24 hour	M	5	2	8 weeks	26 grams	9.5	C57BL/6	Psi1
A48	20250305_LH00295_0205_A22MLTCLT4	JDFSeq_0172	A23884	22MLTCLT4	4	S4	696109148	34.15	74	5.1	94.9	JDFSeq_0172_1_BR_Whole_C1_X3SCM_A23884_22MLTCLT4_CTCTAGCGAG_S4_L004_R1_001.fastq.gz	JDFSeq_0172_1_BR_Whole_C1_X3SCM_A23884_22MLTCLT4_CTCTAGCGAG_S4_L004_R1_001.fastq.gz	151	151	11	11	Sequencing run was performed on the NovaSeq X Series platform with 25B reagent kit (300 Cycle). NovaSeq Control Software 1.3.0.39308 was used for sequencing and Illumina BCL Convert v4.2.7 to convert base call (BCL) files into FASTQ files.	L.24h.F.48	L.24h	L.24h.F	psilocybin	0.25 mg / kg	24 hour	F	5	2	8 weeks	18 grams	9.4	C57BL/6	Psi1
A52	20250305_LH00295_0205_A22MLTCLT4	JDFSeq_0173	A23885	22MLTCLT4	4	S5	601500392	34.39	75	1.94	98.06	JDFSeq_0173_1_BR_Whole_C1_X3SCM_A23885_22MLTCLT4_GTAGCCCTGT_S5_L004_R1_001.fastq.gz	JDFSeq_0173_1_BR_Whole_C1_X3SCM_A23885_22MLTCLT4_GTAGCCCTGT_S5_L004_R1_001.fastq.gz	151	151	11	11	Sequencing run was performed on the NovaSeq X Series platform with 25B reagent kit (300 Cycle). NovaSeq Control Software 1.3.0.39308 was used for sequencing and Illumina BCL Convert v4.2.7 to convert base call (BCL) files into FASTQ files.	S.24h.M.52	S.24h	S.24h.M	saline	0.90%	24 hour	M	4	2	8 weeks	26 grams	9.3	C57BL/6	Psi1
A58	20250305_LH00295_0205_A22MLTCLT4	JDFSeq_0174	A23886	22MLTCLT4	4	S6	616069586	34.3	74.5	1.85	98.15	JDFSeq_0174_1_BR_Whole_C1_X3SCM_A23886_22MLTCLT4_TAACGCGTGA_S6_L004_R1_001.fastq.gz	JDFSeq_0174_1_BR_Whole_C1_X3SCM_A23886_22MLTCLT4_TAACGCGTGA_S6_L004_R1_001.fastq.gz	151	151	11	11	Sequencing run was performed on the NovaSeq X Series platform with 25B reagent kit (300 Cycle). NovaSeq Control Software 1.3.0.39308 was used for sequencing and Illumina BCL Convert v4.2.7 to convert base call (BCL) files into FASTQ files.	S.24h.F.58	S.24h	S.24h.F	saline	0.90%	24 hour	F	4	2	8 weeks	18 grams	9.3	C57BL/6	Psi1
A32	20250305_LH00295_0205_A22MLTCLT4	JDFSeq_0175	A23887	22MLTCLT4	4	S7	588511452	34.38	75.5	1.7	98.3	JDFSeq_0175_1_BR_Whole_C1_X3SCM_A23887_22MLTCLT4_TCCCAAGGGT_S7_L004_R1_001.fastq.gz	JDFSeq_0175_1_BR_Whole_C1_X3SCM_A23887_22MLTCLT4_TCCCAAGGGT_S7_L004_R1_001.fastq.gz	151	151	11	11	Sequencing run was performed on the NovaSeq X Series platform with 25B reagent kit (300 Cycle). NovaSeq Control Software 1.3.0.39308 was used for sequencing and Illumina BCL Convert v4.2.7 to convert base call (BCL) files into FASTQ files.	H.24h.M.32	H.24h	H.24h.M	psilocybin	1 mg / kg	24 hour	M	6	2	8 weeks	26 grams	9.5	C57BL/6	Psi1
A39	20250305_LH00295_0205_A22MLTCLT4	JDFSeq_0176	A23888	22MLTCLT4	4	S8	793821222	34.28	74.5	2.61	97.39	JDFSeq_0176_1_BR_Whole_C1_X3SCM_A23888_22MLTCLT4_CGAAGTATAC_S8_L004_R1_001.fastq.gz	JDFSeq_0176_1_BR_Whole_C1_X3SCM_A23888_22MLTCLT4_CGAAGTATAC_S8_L004_R1_001.fastq.gz	151	151	11	11	Sequencing run was performed on the NovaSeq X Series platform with 25B reagent kit (300 Cycle). NovaSeq Control Software 1.3.0.39308 was used for sequencing and Illumina BCL Convert v4.2.7 to convert base call (BCL) files into FASTQ files.	H.24h.F.39	H.24h	H.24h.F	psilocybin	1 mg / kg	24 hour	F	5	2	8 weeks	18 grams	9.4	C57BL/6	Psi1
A45	20250305_LH00295_0205_A22MLTCLT4	JDFSeq_0177	A23889	22MLTCLT4	4	S9	765381874	34.25	75	3.46	96.54	JDFSeq_0177_1_BR_Whole_C1_X3SCM_A23889_22MLTCLT4_AAGTGGAGAG_S9_L004_R1_001.fastq.gz	JDFSeq_0177_1_BR_Whole_C1_X3SCM_A23889_22MLTCLT4_AAGTGGAGAG_S9_L004_R1_001.fastq.gz	151	151	11	11	Sequencing run was performed on the NovaSeq X Series platform with 25B reagent kit (300 Cycle). NovaSeq Control Software 1.3.0.39308 was used for sequencing and Illumina BCL Convert v4.2.7 to convert base call (BCL) files into FASTQ files.	L.24h.M.45	L.24h	L.24h.M	psilocybin	0.25 mg / kg	24 hour	M	5	2	8 weeks	26 grams	9.9	C57BL/6	Psi1
A49	20250305_LH00295_0205_A22MLTCLT4	JDFSeq_0178	A23890	22MLTCLT4	4	S10	704676502	34.26	75	1.85	98.15	JDFSeq_0178_1_BR_Whole_C1_X3SCM_A23890_22MLTCLT4_CGTGACATGC_S10_L004_R1_001.fastq.gz	JDFSeq_0178_1_BR_Whole_C1_X3SCM_A23890_22MLTCLT4_CGTGACATGC_S10_L004_R1_001.fastq.gz	151	151	11	11	Sequencing run was performed on the NovaSeq X Series platform with 25B reagent kit (300 Cycle). NovaSeq Control Software 1.3.0.39308 was used for sequencing and Illumina BCL Convert v4.2.7 to convert base call (BCL) files into FASTQ files.	L.24h.F.49	L.24h	L.24h.F	psilocybin	0.25 mg / kg	24 hour	F	5	2	8 weeks	18 grams	9.3	C57BL/6	Psi1
A54	20250305_LH00295_0205_A22MLTCLT4	JDFSeq_0179	A23891	22MLTCLT4	4	S11	727544226	34.16	74	1.84	98.16	JDFSeq_0179_1_BR_Whole_C1_X3SCM_A23891_22MLTCLT4_CGGAACCCAA_S11_L004_R1_001.fastq.gz	JDFSeq_0179_1_BR_Whole_C1_X3SCM_A23891_22MLTCLT4_CGGAACCCAA_S11_L004_R1_001.fastq.gz	151	151	11	11	Sequencing run was performed on the NovaSeq X Series platform with 25B reagent kit (300 Cycle). NovaSeq Control Software 1.3.0.39308 was used for sequencing and Illumina BCL Convert v4.2.7 to convert base call (BCL) files into FASTQ files.	S.24h.M.54	S.24h	S.24h.M	saline	0.90%	24 hour	M	4	2	8 weeks	26 grams	9.5	C57BL/6	Psi1
A60	20250305_LH00295_0205_A22MLTCLT4	JDFSeq_0180	A23892	22MLTCLT4	4	S12	547328234	34.25	75	2.17	97.83	JDFSeq_0180_1_BR_Whole_C1_X3SCM_A23892_22MLTCLT4_CACCGCACCA_S12_L004_R1_001.fastq.gz	JDFSeq_0180_1_BR_Whole_C1_X3SCM_A23892_22MLTCLT4_CACCGCACCA_S12_L004_R1_001.fastq.gz	151	151	11	11	Sequencing run was performed on the NovaSeq X Series platform with 25B reagent kit (300 Cycle). NovaSeq Control Software 1.3.0.39308 was used for sequencing and Illumina BCL Convert v4.2.7 to convert base call (BCL) files into FASTQ files.	S.24h.F.60	S.24h	S.24h.F	saline	0.90%	24 hour	F	4	2	8 weeks	18 grams	9.3	C57BL/6	Psi1
A31	20250305_LH00295_0205_A22MLTCLT4	JDFSeq_0169	A23881	22MLTCLT4	5	S1	653398140	34.25	74.5	2.08	97.92	JDFSeq_0169_1_BR_Whole_C1_X3SCM_A23881_22MLTCLT4_GTAACATGCG_S1_L005_R1_001.fastq.gz	JDFSeq_0169_1_BR_Whole_C1_X3SCM_A23881_22MLTCLT4_GTAACATGCG_S1_L005_R1_001.fastq.gz	151	151	11	11	Sequencing run was performed on the NovaSeq X Series platform with 25B reagent kit (300 Cycle). NovaSeq Control Software 1.3.0.39308 was used for sequencing and Illumina BCL Convert v4.2.7 to convert base call (BCL) files into FASTQ files.	H.24h.M.31	H.24h	H.24h.M	psilocybin	1 mg / kg	24 hour	M	6	2	8 weeks	26 grams	9.6	C57BL/6	Psi1
A38	20250305_LH00295_0205_A22MLTCLT4	JDFSeq_0170	A23882	22MLTCLT4	5	S2	640576428	34.3	74.5	1.66	98.34	JDFSeq_0170_1_BR_Whole_C1_X3SCM_A23882_22MLTCLT4_GTGGATCAAA_S2_L005_R1_001.fastq.gz	JDFSeq_0170_1_BR_Whole_C1_X3SCM_A23882_22MLTCLT4_GTGGATCAAA_S2_L005_R1_001.fastq.gz	151	151	11	11	Sequencing run was performed on the NovaSeq X Series platform with 25B reagent kit (300 Cycle). NovaSeq Control Software 1.3.0.39308 was used for sequencing and Illumina BCL Convert v4.2.7 to convert base call (BCL) files into FASTQ files.	H.24h.F.38	H.24h	H.24h.F	psilocybin	1 mg / kg	24 hour	F	5	2	8 weeks	18 grams	9.2	C57BL/6	Psi1
A42	20250305_LH00295_0205_A22MLTCLT4	JDFSeq_0171	A23883	22MLTCLT4	5	S3	617041938	34.25	74.5	2.2	97.8	JDFSeq_0171_1_BR_Whole_C1_X3SCM_A23883_22MLTCLT4_CACTACGAAA_S3_L005_R1_001.fastq.gz	JDFSeq_0171_1_BR_Whole_C1_X3SCM_A23883_22MLTCLT4_CACTACGAAA_S3_L005_R1_001.fastq.gz	151	151	11	11	Sequencing run was performed on the NovaSeq X Series platform with 25B reagent kit (300 Cycle). NovaSeq Control Software 1.3.0.39308 was used for sequencing and Illumina BCL Convert v4.2.7 to convert base call (BCL) files into FASTQ files.	L.24h.M.42	L.24h	L.24h.M	psilocybin	0.25 mg / kg	24 hour	M	5	2	8 weeks	26 grams	9.5	C57BL/6	Psi1
A48	20250305_LH00295_0205_A22MLTCLT4	JDFSeq_0172	A23884	22MLTCLT4	5	S4	699605340	34.27	74.5	5.03	94.97	JDFSeq_0172_1_BR_Whole_C1_X3SCM_A23884_22MLTCLT4_CTCTAGCGAG_S4_L005_R1_001.fastq.gz	JDFSeq_0172_1_BR_Whole_C1_X3SCM_A23884_22MLTCLT4_CTCTAGCGAG_S4_L005_R1_001.fastq.gz	151	151	11	11	Sequencing run was performed on the NovaSeq X Series platform with 25B reagent kit (300 Cycle). NovaSeq Control Software 1.3.0.39308 was used for sequencing and Illumina BCL Convert v4.2.7 to convert base call (BCL) files into FASTQ files.	L.24h.F.48	L.24h	L.24h.F	psilocybin	0.25 mg / kg	24 hour	F	5	2	8 weeks	18 grams	9.4	C57BL/6	Psi1
A52	20250305_LH00295_0205_A22MLTCLT4	JDFSeq_0173	A23885	22MLTCLT4	5	S5	609795258	34.51	76	1.93	98.07	JDFSeq_0173_1_BR_Whole_C1_X3SCM_A23885_22MLTCLT4_GTAGCCCTGT_S5_L005_R1_001.fastq.gz	JDFSeq_0173_1_BR_Whole_C1_X3SCM_A23885_22MLTCLT4_GTAGCCCTGT_S5_L005_R1_001.fastq.gz	151	151	11	11	Sequencing run was performed on the NovaSeq X Series platform with 25B reagent kit (300 Cycle). NovaSeq Control Software 1.3.0.39308 was used for sequencing and Illumina BCL Convert v4.2.7 to convert base call (BCL) files into FASTQ files.	S.24h.M.52	S.24h	S.24h.M	saline	0.90%	24 hour	M	4	2	8 weeks	26 grams	9.3	C57BL/6	Psi1
A58	20250305_LH00295_0205_A22MLTCLT4	JDFSeq_0174	A23886	22MLTCLT4	5	S6	623110634	34.41	75.5	1.81	98.19	JDFSeq_0174_1_BR_Whole_C1_X3SCM_A23886_22MLTCLT4_TAACGCGTGA_S6_L005_R1_001.fastq.gz	JDFSeq_0174_1_BR_Whole_C1_X3SCM_A23886_22MLTCLT4_TAACGCGTGA_S6_L005_R1_001.fastq.gz	151	151	11	11	Sequencing run was performed on the NovaSeq X Series platform with 25B reagent kit (300 Cycle). NovaSeq Control Software 1.3.0.39308 was used for sequencing and Illumina BCL Convert v4.2.7 to convert base call (BCL) files into FASTQ files.	S.24h.F.58	S.24h	S.24h.F	saline	0.90%	24 hour	F	4	2	8 weeks	18 grams	9.3	C57BL/6	Psi1
A32	20250305_LH00295_0205_A22MLTCLT4	JDFSeq_0175	A23887	22MLTCLT4	5	S7	594709444	34.49	76	1.71	98.29	JDFSeq_0175_1_BR_Whole_C1_X3SCM_A23887_22MLTCLT4_TCCCAAGGGT_S7_L005_R1_001.fastq.gz	JDFSeq_0175_1_BR_Whole_C1_X3SCM_A23887_22MLTCLT4_TCCCAAGGGT_S7_L005_R1_001.fastq.gz	151	151	11	11	Sequencing run was performed on the NovaSeq X Series platform with 25B reagent kit (300 Cycle). NovaSeq Control Software 1.3.0.39308 was used for sequencing and Illumina BCL Convert v4.2.7 to convert base call (BCL) files into FASTQ files.	H.24h.M.32	H.24h	H.24h.M	psilocybin	1 mg / kg	24 hour	M	6	2	8 weeks	26 grams	9.5	C57BL/6	Psi1
A39	20250305_LH00295_0205_A22MLTCLT4	JDFSeq_0176	A23888	22MLTCLT4	5	S8	801983272	34.41	75	2.56	97.44	JDFSeq_0176_1_BR_Whole_C1_X3SCM_A23888_22MLTCLT4_CGAAGTATAC_S8_L005_R1_001.fastq.gz	JDFSeq_0176_1_BR_Whole_C1_X3SCM_A23888_22MLTCLT4_CGAAGTATAC_S8_L005_R1_001.fastq.gz	151	151	11	11	Sequencing run was performed on the NovaSeq X Series platform with 25B reagent kit (300 Cycle). NovaSeq Control Software 1.3.0.39308 was used for sequencing and Illumina BCL Convert v4.2.7 to convert base call (BCL) files into FASTQ files.	H.24h.F.39	H.24h	H.24h.F	psilocybin	1 mg / kg	24 hour	F	5	2	8 weeks	18 grams	9.4	C57BL/6	Psi1
A45	20250305_LH00295_0205_A22MLTCLT4	JDFSeq_0177	A23889	22MLTCLT4	5	S9	770920228	34.38	75.5	3.41	96.59	JDFSeq_0177_1_BR_Whole_C1_X3SCM_A23889_22MLTCLT4_AAGTGGAGAG_S9_L005_R1_001.fastq.gz	JDFSeq_0177_1_BR_Whole_C1_X3SCM_A23889_22MLTCLT4_AAGTGGAGAG_S9_L005_R1_001.fastq.gz	151	151	11	11	Sequencing run was performed on the NovaSeq X Series platform with 25B reagent kit (300 Cycle). NovaSeq Control Software 1.3.0.39308 was used for sequencing and Illumina BCL Convert v4.2.7 to convert base call (BCL) files into FASTQ files.	L.24h.M.45	L.24h	L.24h.M	psilocybin	0.25 mg / kg	24 hour	M	5	2	8 weeks	26 grams	9.9	C57BL/6	Psi1
A49	20250305_LH00295_0205_A22MLTCLT4	JDFSeq_0178	A23890	22MLTCLT4	5	S10	711056652	34.38	75.5	1.82	98.18	JDFSeq_0178_1_BR_Whole_C1_X3SCM_A23890_22MLTCLT4_CGTGACATGC_S10_L005_R1_001.fastq.gz	JDFSeq_0178_1_BR_Whole_C1_X3SCM_A23890_22MLTCLT4_CGTGACATGC_S10_L005_R1_001.fastq.gz	151	151	11	11	Sequencing run was performed on the NovaSeq X Series platform with 25B reagent kit (300 Cycle). NovaSeq Control Software 1.3.0.39308 was used for sequencing and Illumina BCL Convert v4.2.7 to convert base call (BCL) files into FASTQ files.	L.24h.F.49	L.24h	L.24h.F	psilocybin	0.25 mg / kg	24 hour	F	5	2	8 weeks	18 grams	9.3	C57BL/6	Psi1
A54	20250305_LH00295_0205_A22MLTCLT4	JDFSeq_0179	A23891	22MLTCLT4	5	S11	733516760	34.28	75	1.82	98.18	JDFSeq_0179_1_BR_Whole_C1_X3SCM_A23891_22MLTCLT4_CGGAACCCAA_S11_L005_R1_001.fastq.gz	JDFSeq_0179_1_BR_Whole_C1_X3SCM_A23891_22MLTCLT4_CGGAACCCAA_S11_L005_R1_001.fastq.gz	151	151	11	11	Sequencing run was performed on the NovaSeq X Series platform with 25B reagent kit (300 Cycle). NovaSeq Control Software 1.3.0.39308 was used for sequencing and Illumina BCL Convert v4.2.7 to convert base call (BCL) files into FASTQ files.	S.24h.M.54	S.24h	S.24h.M	saline	0.90%	24 hour	M	4	2	8 weeks	26 grams	9.5	C57BL/6	Psi1
A60	20250305_LH00295_0205_A22MLTCLT4	JDFSeq_0180	A23892	22MLTCLT4	5	S12	551494922	34.38	75.5	2.14	97.86	JDFSeq_0180_1_BR_Whole_C1_X3SCM_A23892_22MLTCLT4_CACCGCACCA_S12_L005_R1_001.fastq.gz	JDFSeq_0180_1_BR_Whole_C1_X3SCM_A23892_22MLTCLT4_CACCGCACCA_S12_L005_R1_001.fastq.gz	151	151	11	11	Sequencing run was performed on the NovaSeq X Series platform with 25B reagent kit (300 Cycle). NovaSeq Control Software 1.3.0.39308 was used for sequencing and Illumina BCL Convert v4.2.7 to convert base call (BCL) files into FASTQ files.	S.24h.F.60	S.24h	S.24h.F	saline	0.90%	24 hour	F	4	2	8 weeks	18 grams	9.3	C57BL/6	Psi1
A31	20250305_LH00295_0205_A22MLTCLT4	JDFSeq_0169	A23881	22MLTCLT4	6	S1	672087614	34.44	75.5	2.88	97.12	JDFSeq_0169_1_BR_Whole_C1_X3SCM_A23881_22MLTCLT4_GTAACATGCG_S1_L006_R1_001.fastq.gz	JDFSeq_0169_1_BR_Whole_C1_X3SCM_A23881_22MLTCLT4_GTAACATGCG_S1_L006_R1_001.fastq.gz	151	151	11	11	Sequencing run was performed on the NovaSeq X Series platform with 25B reagent kit (300 Cycle). NovaSeq Control Software 1.3.0.39308 was used for sequencing and Illumina BCL Convert v4.2.7 to convert base call (BCL) files into FASTQ files.	H.24h.M.31	H.24h	H.24h.M	psilocybin	1 mg / kg	24 hour	M	6	2	8 weeks	26 grams	9.6	C57BL/6	Psi1
A38	20250305_LH00295_0205_A22MLTCLT4	JDFSeq_0170	A23882	22MLTCLT4	6	S2	659877698	34.5	76	2.46	97.54	JDFSeq_0170_1_BR_Whole_C1_X3SCM_A23882_22MLTCLT4_GTGGATCAAA_S2_L006_R1_001.fastq.gz	JDFSeq_0170_1_BR_Whole_C1_X3SCM_A23882_22MLTCLT4_GTGGATCAAA_S2_L006_R1_001.fastq.gz	151	151	11	11	Sequencing run was performed on the NovaSeq X Series platform with 25B reagent kit (300 Cycle). NovaSeq Control Software 1.3.0.39308 was used for sequencing and Illumina BCL Convert v4.2.7 to convert base call (BCL) files into FASTQ files.	H.24h.F.38	H.24h	H.24h.F	psilocybin	1 mg / kg	24 hour	F	5	2	8 weeks	18 grams	9.2	C57BL/6	Psi1
A42	20250305_LH00295_0205_A22MLTCLT4	JDFSeq_0171	A23883	22MLTCLT4	6	S3	635014956	34.45	75.5	3.01	96.99	JDFSeq_0171_1_BR_Whole_C1_X3SCM_A23883_22MLTCLT4_CACTACGAAA_S3_L006_R1_001.fastq.gz	JDFSeq_0171_1_BR_Whole_C1_X3SCM_A23883_22MLTCLT4_CACTACGAAA_S3_L006_R1_001.fastq.gz	151	151	11	11	Sequencing run was performed on the NovaSeq X Series platform with 25B reagent kit (300 Cycle). NovaSeq Control Software 1.3.0.39308 was used for sequencing and Illumina BCL Convert v4.2.7 to convert base call (BCL) files into FASTQ files.	L.24h.M.42	L.24h	L.24h.M	psilocybin	0.25 mg / kg	24 hour	M	5	2	8 weeks	26 grams	9.5	C57BL/6	Psi1
A48	20250305_LH00295_0205_A22MLTCLT4	JDFSeq_0172	A23884	22MLTCLT4	6	S4	722256834	34.47	76	5.41	94.59	JDFSeq_0172_1_BR_Whole_C1_X3SCM_A23884_22MLTCLT4_CTCTAGCGAG_S4_L006_R1_001.fastq.gz	JDFSeq_0172_1_BR_Whole_C1_X3SCM_A23884_22MLTCLT4_CTCTAGCGAG_S4_L006_R1_001.fastq.gz	151	151	11	11	Sequencing run was performed on the NovaSeq X Series platform with 25B reagent kit (300 Cycle). NovaSeq Control Software 1.3.0.39308 was used for sequencing and Illumina BCL Convert v4.2.7 to convert base call (BCL) files into FASTQ files.	L.24h.F.48	L.24h	L.24h.F	psilocybin	0.25 mg / kg	24 hour	F	5	2	8 weeks	18 grams	9.4	C57BL/6	Psi1
A52	20250305_LH00295_0205_A22MLTCLT4	JDFSeq_0173	A23885	22MLTCLT4	6	S5	625535574	34.7	76.5	2.75	97.25	JDFSeq_0173_1_BR_Whole_C1_X3SCM_A23885_22MLTCLT4_GTAGCCCTGT_S5_L006_R1_001.fastq.gz	JDFSeq_0173_1_BR_Whole_C1_X3SCM_A23885_22MLTCLT4_GTAGCCCTGT_S5_L006_R1_001.fastq.gz	151	151	11	11	Sequencing run was performed on the NovaSeq X Series platform with 25B reagent kit (300 Cycle). NovaSeq Control Software 1.3.0.39308 was used for sequencing and Illumina BCL Convert v4.2.7 to convert base call (BCL) files into FASTQ files.	S.24h.M.52	S.24h	S.24h.M	saline	0.90%	24 hour	M	4	2	8 weeks	26 grams	9.3	C57BL/6	Psi1
A58	20250305_LH00295_0205_A22MLTCLT4	JDFSeq_0174	A23886	22MLTCLT4	6	S6	640562044	34.61	76.5	2.6	97.4	JDFSeq_0174_1_BR_Whole_C1_X3SCM_A23886_22MLTCLT4_TAACGCGTGA_S6_L006_R1_001.fastq.gz	JDFSeq_0174_1_BR_Whole_C1_X3SCM_A23886_22MLTCLT4_TAACGCGTGA_S6_L006_R1_001.fastq.gz	151	151	11	11	Sequencing run was performed on the NovaSeq X Series platform with 25B reagent kit (300 Cycle). NovaSeq Control Software 1.3.0.39308 was used for sequencing and Illumina BCL Convert v4.2.7 to convert base call (BCL) files into FASTQ files.	S.24h.F.58	S.24h	S.24h.F	saline	0.90%	24 hour	F	4	2	8 weeks	18 grams	9.3	C57BL/6	Psi1
A32	20250305_LH00295_0205_A22MLTCLT4	JDFSeq_0175	A23887	22MLTCLT4	6	S7	611260172	34.68	76.5	2.53	97.47	JDFSeq_0175_1_BR_Whole_C1_X3SCM_A23887_22MLTCLT4_TCCCAAGGGT_S7_L006_R1_001.fastq.gz	JDFSeq_0175_1_BR_Whole_C1_X3SCM_A23887_22MLTCLT4_TCCCAAGGGT_S7_L006_R1_001.fastq.gz	151	151	11	11	Sequencing run was performed on the NovaSeq X Series platform with 25B reagent kit (300 Cycle). NovaSeq Control Software 1.3.0.39308 was used for sequencing and Illumina BCL Convert v4.2.7 to convert base call (BCL) files into FASTQ files.	H.24h.M.32	H.24h	H.24h.M	psilocybin	1 mg / kg	24 hour	M	6	2	8 weeks	26 grams	9.5	C57BL/6	Psi1
A39	20250305_LH00295_0205_A22MLTCLT4	JDFSeq_0176	A23888	22MLTCLT4	6	S8	822574560	34.61	76.5	3.37	96.63	JDFSeq_0176_1_BR_Whole_C1_X3SCM_A23888_22MLTCLT4_CGAAGTATAC_S8_L006_R1_001.fastq.gz	JDFSeq_0176_1_BR_Whole_C1_X3SCM_A23888_22MLTCLT4_CGAAGTATAC_S8_L006_R1_001.fastq.gz	151	151	11	11	Sequencing run was performed on the NovaSeq X Series platform with 25B reagent kit (300 Cycle). NovaSeq Control Software 1.3.0.39308 was used for sequencing and Illumina BCL Convert v4.2.7 to convert base call (BCL) files into FASTQ files.	H.24h.F.39	H.24h	H.24h.F	psilocybin	1 mg / kg	24 hour	F	5	2	8 weeks	18 grams	9.4	C57BL/6	Psi1
A45	20250305_LH00295_0205_A22MLTCLT4	JDFSeq_0177	A23889	22MLTCLT4	6	S9	794094384	34.56	76	3.93	96.07	JDFSeq_0177_1_BR_Whole_C1_X3SCM_A23889_22MLTCLT4_AAGTGGAGAG_S9_L006_R1_001.fastq.gz	JDFSeq_0177_1_BR_Whole_C1_X3SCM_A23889_22MLTCLT4_AAGTGGAGAG_S9_L006_R1_001.fastq.gz	151	151	11	11	Sequencing run was performed on the NovaSeq X Series platform with 25B reagent kit (300 Cycle). NovaSeq Control Software 1.3.0.39308 was used for sequencing and Illumina BCL Convert v4.2.7 to convert base call (BCL) files into FASTQ files.	L.24h.M.45	L.24h	L.24h.M	psilocybin	0.25 mg / kg	24 hour	M	5	2	8 weeks	26 grams	9.9	C57BL/6	Psi1
A49	20250305_LH00295_0205_A22MLTCLT4	JDFSeq_0178	A23890	22MLTCLT4	6	S10	732027960	34.58	76	2.63	97.37	JDFSeq_0178_1_BR_Whole_C1_X3SCM_A23890_22MLTCLT4_CGTGACATGC_S10_L006_R1_001.fastq.gz	JDFSeq_0178_1_BR_Whole_C1_X3SCM_A23890_22MLTCLT4_CGTGACATGC_S10_L006_R1_001.fastq.gz	151	151	11	11	Sequencing run was performed on the NovaSeq X Series platform with 25B reagent kit (300 Cycle). NovaSeq Control Software 1.3.0.39308 was used for sequencing and Illumina BCL Convert v4.2.7 to convert base call (BCL) files into FASTQ files.	L.24h.F.49	L.24h	L.24h.F	psilocybin	0.25 mg / kg	24 hour	F	5	2	8 weeks	18 grams	9.3	C57BL/6	Psi1
A54	20250305_LH00295_0205_A22MLTCLT4	JDFSeq_0179	A23891	22MLTCLT4	6	S11	754565890	34.48	75.5	2.61	97.39	JDFSeq_0179_1_BR_Whole_C1_X3SCM_A23891_22MLTCLT4_CGGAACCCAA_S11_L006_R1_001.fastq.gz	JDFSeq_0179_1_BR_Whole_C1_X3SCM_A23891_22MLTCLT4_CGGAACCCAA_S11_L006_R1_001.fastq.gz	151	151	11	11	Sequencing run was performed on the NovaSeq X Series platform with 25B reagent kit (300 Cycle). NovaSeq Control Software 1.3.0.39308 was used for sequencing and Illumina BCL Convert v4.2.7 to convert base call (BCL) files into FASTQ files.	S.24h.M.54	S.24h	S.24h.M	saline	0.90%	24 hour	M	4	2	8 weeks	26 grams	9.5	C57BL/6	Psi1
A60	20250305_LH00295_0205_A22MLTCLT4	JDFSeq_0180	A23892	22MLTCLT4	6	S12	568397266	34.56	76	2.94	97.06	JDFSeq_0180_1_BR_Whole_C1_X3SCM_A23892_22MLTCLT4_CACCGCACCA_S12_L006_R1_001.fastq.gz	JDFSeq_0180_1_BR_Whole_C1_X3SCM_A23892_22MLTCLT4_CACCGCACCA_S12_L006_R1_001.fastq.gz	151	151	11	11	Sequencing run was performed on the NovaSeq X Series platform with 25B reagent kit (300 Cycle). NovaSeq Control Software 1.3.0.39308 was used for sequencing and Illumina BCL Convert v4.2.7 to convert base call (BCL) files into FASTQ files.	S.24h.F.60	S.24h	S.24h.F	saline	0.90%	24 hour	F	4	2	8 weeks	18 grams	9.3	C57BL/6	Psi1
A31	20250305_LH00295_0205_A22MLTCLT4	JDFSeq_0169	A23881	22MLTCLT4	7	S1	665413136	34.4	75.5	3.45	96.55	JDFSeq_0169_1_BR_Whole_C1_X3SCM_A23881_22MLTCLT4_GTAACATGCG_S1_L007_R1_001.fastq.gz	JDFSeq_0169_1_BR_Whole_C1_X3SCM_A23881_22MLTCLT4_GTAACATGCG_S1_L007_R1_001.fastq.gz	151	151	11	11	Sequencing run was performed on the NovaSeq X Series platform with 25B reagent kit (300 Cycle). NovaSeq Control Software 1.3.0.39308 was used for sequencing and Illumina BCL Convert v4.2.7 to convert base call (BCL) files into FASTQ files.	H.24h.M.31	H.24h	H.24h.M	psilocybin	1 mg / kg	24 hour	M	6	2	8 weeks	26 grams	9.6	C57BL/6	Psi1
A38	20250305_LH00295_0205_A22MLTCLT4	JDFSeq_0170	A23882	22MLTCLT4	7	S2	650330336	34.47	75.5	3.13	96.87	JDFSeq_0170_1_BR_Whole_C1_X3SCM_A23882_22MLTCLT4_GTGGATCAAA_S2_L007_R1_001.fastq.gz	JDFSeq_0170_1_BR_Whole_C1_X3SCM_A23882_22MLTCLT4_GTGGATCAAA_S2_L007_R1_001.fastq.gz	151	151	11	11	Sequencing run was performed on the NovaSeq X Series platform with 25B reagent kit (300 Cycle). NovaSeq Control Software 1.3.0.39308 was used for sequencing and Illumina BCL Convert v4.2.7 to convert base call (BCL) files into FASTQ files.	H.24h.F.38	H.24h	H.24h.F	psilocybin	1 mg / kg	24 hour	F	5	2	8 weeks	18 grams	9.2	C57BL/6	Psi1
A42	20250305_LH00295_0205_A22MLTCLT4	JDFSeq_0171	A23883	22MLTCLT4	7	S3	627709102	34.4	75.5	3.59	96.41	JDFSeq_0171_1_BR_Whole_C1_X3SCM_A23883_22MLTCLT4_CACTACGAAA_S3_L007_R1_001.fastq.gz	JDFSeq_0171_1_BR_Whole_C1_X3SCM_A23883_22MLTCLT4_CACTACGAAA_S3_L007_R1_001.fastq.gz	151	151	11	11	Sequencing run was performed on the NovaSeq X Series platform with 25B reagent kit (300 Cycle). NovaSeq Control Software 1.3.0.39308 was used for sequencing and Illumina BCL Convert v4.2.7 to convert base call (BCL) files into FASTQ files.	L.24h.M.42	L.24h	L.24h.M	psilocybin	0.25 mg / kg	24 hour	M	5	2	8 weeks	26 grams	9.5	C57BL/6	Psi1
A48	20250305_LH00295_0205_A22MLTCLT4	JDFSeq_0172	A23884	22MLTCLT4	7	S4	715135332	34.42	75.5	5.91	94.09	JDFSeq_0172_1_BR_Whole_C1_X3SCM_A23884_22MLTCLT4_CTCTAGCGAG_S4_L007_R1_001.fastq.gz	JDFSeq_0172_1_BR_Whole_C1_X3SCM_A23884_22MLTCLT4_CTCTAGCGAG_S4_L007_R1_001.fastq.gz	151	151	11	11	Sequencing run was performed on the NovaSeq X Series platform with 25B reagent kit (300 Cycle). NovaSeq Control Software 1.3.0.39308 was used for sequencing and Illumina BCL Convert v4.2.7 to convert base call (BCL) files into FASTQ files.	L.24h.F.48	L.24h	L.24h.F	psilocybin	0.25 mg / kg	24 hour	F	5	2	8 weeks	18 grams	9.4	C57BL/6	Psi1
A52	20250305_LH00295_0205_A22MLTCLT4	JDFSeq_0173	A23885	22MLTCLT4	7	S5	615922546	34.66	76.5	3.36	96.64	JDFSeq_0173_1_BR_Whole_C1_X3SCM_A23885_22MLTCLT4_GTAGCCCTGT_S5_L007_R1_001.fastq.gz	JDFSeq_0173_1_BR_Whole_C1_X3SCM_A23885_22MLTCLT4_GTAGCCCTGT_S5_L007_R1_001.fastq.gz	151	151	11	11	Sequencing run was performed on the NovaSeq X Series platform with 25B reagent kit (300 Cycle). NovaSeq Control Software 1.3.0.39308 was used for sequencing and Illumina BCL Convert v4.2.7 to convert base call (BCL) files into FASTQ files.	S.24h.M.52	S.24h	S.24h.M	saline	0.90%	24 hour	M	4	2	8 weeks	26 grams	9.3	C57BL/6	Psi1
A58	20250305_LH00295_0205_A22MLTCLT4	JDFSeq_0174	A23886	22MLTCLT4	7	S6	632585622	34.56	76	3.27	96.73	JDFSeq_0174_1_BR_Whole_C1_X3SCM_A23886_22MLTCLT4_TAACGCGTGA_S6_L007_R1_001.fastq.gz	JDFSeq_0174_1_BR_Whole_C1_X3SCM_A23886_22MLTCLT4_TAACGCGTGA_S6_L007_R1_001.fastq.gz	151	151	11	11	Sequencing run was performed on the NovaSeq X Series platform with 25B reagent kit (300 Cycle). NovaSeq Control Software 1.3.0.39308 was used for sequencing and Illumina BCL Convert v4.2.7 to convert base call (BCL) files into FASTQ files.	S.24h.F.58	S.24h	S.24h.F	saline	0.90%	24 hour	F	4	2	8 weeks	18 grams	9.3	C57BL/6	Psi1
A32	20250305_LH00295_0205_A22MLTCLT4	JDFSeq_0175	A23887	22MLTCLT4	7	S7	603081622	34.63	76.5	3.18	96.82	JDFSeq_0175_1_BR_Whole_C1_X3SCM_A23887_22MLTCLT4_TCCCAAGGGT_S7_L007_R1_001.fastq.gz	JDFSeq_0175_1_BR_Whole_C1_X3SCM_A23887_22MLTCLT4_TCCCAAGGGT_S7_L007_R1_001.fastq.gz	151	151	11	11	Sequencing run was performed on the NovaSeq X Series platform with 25B reagent kit (300 Cycle). NovaSeq Control Software 1.3.0.39308 was used for sequencing and Illumina BCL Convert v4.2.7 to convert base call (BCL) files into FASTQ files.	H.24h.M.32	H.24h	H.24h.M	psilocybin	1 mg / kg	24 hour	M	6	2	8 weeks	26 grams	9.5	C57BL/6	Psi1
A39	20250305_LH00295_0205_A22MLTCLT4	JDFSeq_0176	A23888	22MLTCLT4	7	S8	814444526	34.55	76	3.95	96.05	JDFSeq_0176_1_BR_Whole_C1_X3SCM_A23888_22MLTCLT4_CGAAGTATAC_S8_L007_R1_001.fastq.gz	JDFSeq_0176_1_BR_Whole_C1_X3SCM_A23888_22MLTCLT4_CGAAGTATAC_S8_L007_R1_001.fastq.gz	151	151	11	11	Sequencing run was performed on the NovaSeq X Series platform with 25B reagent kit (300 Cycle). NovaSeq Control Software 1.3.0.39308 was used for sequencing and Illumina BCL Convert v4.2.7 to convert base call (BCL) files into FASTQ files.	H.24h.F.39	H.24h	H.24h.F	psilocybin	1 mg / kg	24 hour	F	5	2	8 weeks	18 grams	9.4	C57BL/6	Psi1
A45	20250305_LH00295_0205_A22MLTCLT4	JDFSeq_0177	A23889	22MLTCLT4	7	S9	785597876	34.52	76	4.47	95.53	JDFSeq_0177_1_BR_Whole_C1_X3SCM_A23889_22MLTCLT4_AAGTGGAGAG_S9_L007_R1_001.fastq.gz	JDFSeq_0177_1_BR_Whole_C1_X3SCM_A23889_22MLTCLT4_AAGTGGAGAG_S9_L007_R1_001.fastq.gz	151	151	11	11	Sequencing run was performed on the NovaSeq X Series platform with 25B reagent kit (300 Cycle). NovaSeq Control Software 1.3.0.39308 was used for sequencing and Illumina BCL Convert v4.2.7 to convert base call (BCL) files into FASTQ files.	L.24h.M.45	L.24h	L.24h.M	psilocybin	0.25 mg / kg	24 hour	M	5	2	8 weeks	26 grams	9.9	C57BL/6	Psi1
A49	20250305_LH00295_0205_A22MLTCLT4	JDFSeq_0178	A23890	22MLTCLT4	7	S10	724585306	34.53	76	3.18	96.82	JDFSeq_0178_1_BR_Whole_C1_X3SCM_A23890_22MLTCLT4_CGTGACATGC_S10_L007_R1_001.fastq.gz	JDFSeq_0178_1_BR_Whole_C1_X3SCM_A23890_22MLTCLT4_CGTGACATGC_S10_L007_R1_001.fastq.gz	151	151	11	11	Sequencing run was performed on the NovaSeq X Series platform with 25B reagent kit (300 Cycle). NovaSeq Control Software 1.3.0.39308 was used for sequencing and Illumina BCL Convert v4.2.7 to convert base call (BCL) files into FASTQ files.	L.24h.F.49	L.24h	L.24h.F	psilocybin	0.25 mg / kg	24 hour	F	5	2	8 weeks	18 grams	9.3	C57BL/6	Psi1
A54	20250305_LH00295_0205_A22MLTCLT4	JDFSeq_0179	A23891	22MLTCLT4	7	S11	748687886	34.44	75.5	3.17	96.83	JDFSeq_0179_1_BR_Whole_C1_X3SCM_A23891_22MLTCLT4_CGGAACCCAA_S11_L007_R1_001.fastq.gz	JDFSeq_0179_1_BR_Whole_C1_X3SCM_A23891_22MLTCLT4_CGGAACCCAA_S11_L007_R1_001.fastq.gz	151	151	11	11	Sequencing run was performed on the NovaSeq X Series platform with 25B reagent kit (300 Cycle). NovaSeq Control Software 1.3.0.39308 was used for sequencing and Illumina BCL Convert v4.2.7 to convert base call (BCL) files into FASTQ files.	S.24h.M.54	S.24h	S.24h.M	saline	0.90%	24 hour	M	4	2	8 weeks	26 grams	9.5	C57BL/6	Psi1
A60	20250305_LH00295_0205_A22MLTCLT4	JDFSeq_0180	A23892	22MLTCLT4	7	S12	562749586	34.52	76	3.54	96.46	JDFSeq_0180_1_BR_Whole_C1_X3SCM_A23892_22MLTCLT4_CACCGCACCA_S12_L007_R1_001.fastq.gz	JDFSeq_0180_1_BR_Whole_C1_X3SCM_A23892_22MLTCLT4_CACCGCACCA_S12_L007_R1_001.fastq.gz	151	151	11	11	Sequencing run was performed on the NovaSeq X Series platform with 25B reagent kit (300 Cycle). NovaSeq Control Software 1.3.0.39308 was used for sequencing and Illumina BCL Convert v4.2.7 to convert base call (BCL) files into FASTQ files.	S.24h.F.60	S.24h	S.24h.F	saline	0.90%	24 hour	F	4	2	8 weeks	18 grams	9.3	C57BL/6	Psi1
