sample_name	library_ID	title	library_strategy	library_source	library_selection	library_layout	platform	instrument_model	design_description	filetype	filename	filename2	group	treatment	dose	timepoint	sex	animal_id	age_at_treatment	weight_at_treatment	RIN
psilo.high.8h.M.1	1	Bulk RNA-Seq of mouse prefrontal cortex	RNA-Seq	TRANSCRIPTOMIC	PolyA	paired	ILLUMINA	Illumina NovaSeq 6000	Illumina Stranded mRNA Prep	fastq	Psi1_A1_High_Male_L3_R1.fastq.gz	Psi1_A1_High_Male_L3_R2.fastq.gz	psilo.high.8h	psilocybin	1 mg / kg	8 hour	M	1	8 weeks	26 grams	8.5
psilo.high.8h.M.2	2	Bulk RNA-Seq of mouse prefrontal cortex	RNA-Seq	TRANSCRIPTOMIC	PolyA	paired	ILLUMINA	Illumina NovaSeq 6000	Illumina Stranded mRNA Prep	fastq	Psi1_A2_High_Male_L3_R1.fastq.gz	Psi1_A2_High_Male_L3_R2.fastq.gz	psilo.high.8h	psilocybin	1 mg / kg	8 hour	M	2	8 weeks	26 grams	9.2
psilo.high.8h.M.3	3	Bulk RNA-Seq of mouse prefrontal cortex	RNA-Seq	TRANSCRIPTOMIC	PolyA	paired	ILLUMINA	Illumina NovaSeq 6000	Illumina Stranded mRNA Prep	fastq	Psi1_A3_High_Male_L3_R1.fastq.gz	Psi1_A3_High_Male_L3_R2.fastq.gz	psilo.high.8h	psilocybin	1 mg / kg	8 hour	M	3	8 weeks	26 grams	9.3
psilo.high.8h.M.4	4	Bulk RNA-Seq of mouse prefrontal cortex	RNA-Seq	TRANSCRIPTOMIC	PolyA	paired	ILLUMINA	Illumina NovaSeq 6000	Illumina Stranded mRNA Prep	fastq	Psi1_A4_High_Male_L3_R1.fastq.gz	Psi1_A4_High_Male_L3_R2.fastq.gz	psilo.high.8h	psilocybin	1 mg / kg	8 hour	M	4	8 weeks	26 grams	9.3
psilo.high.8h.M.5	5	Bulk RNA-Seq of mouse prefrontal cortex	RNA-Seq	TRANSCRIPTOMIC	PolyA	paired	ILLUMINA	Illumina NovaSeq 6000	Illumina Stranded mRNA Prep	fastq	Psi1_A5_High_Male_L3_R1.fastq.gz	Psi1_A5_High_Male_L3_R2.fastq.gz	psilo.high.8h	psilocybin	1 mg / kg	8 hour	M	5	8 weeks	26 grams	9.2
psilo.high.8h.F.6	6	Bulk RNA-Seq of mouse prefrontal cortex	RNA-Seq	TRANSCRIPTOMIC	PolyA	paired	ILLUMINA	Illumina NovaSeq 6000	Illumina Stranded mRNA Prep	fastq	Psi1_A6_High_Female_L3_R1.fastq.gz	Psi1_A6_High_Female_L3_R2.fastq.gz	psilo.high.8h	psilocybin	1 mg / kg	8 hour	F	6	8 weeks	18 grams	9.6
psilo.high.8h.F.7	7	Bulk RNA-Seq of mouse prefrontal cortex	RNA-Seq	TRANSCRIPTOMIC	PolyA	paired	ILLUMINA	Illumina NovaSeq 6000	Illumina Stranded mRNA Prep	fastq	Psi1_A7_High_Female_L3_R1.fastq.gz	Psi1_A7_High_Female_L3_R2.fastq.gz	psilo.high.8h	psilocybin	1 mg / kg	8 hour	F	7	8 weeks	18 grams	9.3
psilo.high.8h.F.8	8	Bulk RNA-Seq of mouse prefrontal cortex	RNA-Seq	TRANSCRIPTOMIC	PolyA	paired	ILLUMINA	Illumina NovaSeq 6000	Illumina Stranded mRNA Prep	fastq	Psi1_A8_High_Female_L3_R1.fastq.gz	Psi1_A8_High_Female_L3_R2.fastq.gz	psilo.high.8h	psilocybin	1 mg / kg	8 hour	F	8	8 weeks	18 grams	9.4
psilo.high.8h.F.9	9	Bulk RNA-Seq of mouse prefrontal cortex	RNA-Seq	TRANSCRIPTOMIC	PolyA	paired	ILLUMINA	Illumina NovaSeq 6000	Illumina Stranded mRNA Prep	fastq	Psi1_A9_High_Female_L3_R1.fastq.gz	Psi1_A9_High_Female_L3_R2.fastq.gz	psilo.high.8h	psilocybin	1 mg / kg	8 hour	F	9	8 weeks	18 grams	9.3
psilo.high.8h.F.10	10	Bulk RNA-Seq of mouse prefrontal cortex	RNA-Seq	TRANSCRIPTOMIC	PolyA	paired	ILLUMINA	Illumina NovaSeq 6000	Illumina Stranded mRNA Prep	fastq	Psi1_A10_High_Female_L3_R1.fastq.gz	Psi1_A10_High_Female_L3_R2.fastq.gz	psilo.high.8h	psilocybin	1 mg / kg	8 hour	F	10	8 weeks	18 grams	9.3
psilo.low.8h.M.11	11	Bulk RNA-Seq of mouse prefrontal cortex	RNA-Seq	TRANSCRIPTOMIC	PolyA	paired	ILLUMINA	Illumina NovaSeq 6000	Illumina Stranded mRNA Prep	fastq	Psi1_A11_Low_Male_L3_R1.fastq.gz	Psi1_A11_Low_Male_L3_R2.fastq.gz	psilo.low.8h	psilocybin	0.25 mg / kg	8 hour	M	11	8 weeks	26 grams	9.2
psilo.low.8h.M.12	12	Bulk RNA-Seq of mouse prefrontal cortex	RNA-Seq	TRANSCRIPTOMIC	PolyA	paired	ILLUMINA	Illumina NovaSeq 6000	Illumina Stranded mRNA Prep	fastq	Psi1_A12_Low_Male_L3_R1.fastq.gz	Psi1_A12_Low_Male_L3_R2.fastq.gz	psilo.low.8h	psilocybin	0.25 mg / kg	8 hour	M	12	8 weeks	26 grams	9.2
psilo.low.8h.M.13	13	Bulk RNA-Seq of mouse prefrontal cortex	RNA-Seq	TRANSCRIPTOMIC	PolyA	paired	ILLUMINA	Illumina NovaSeq 6000	Illumina Stranded mRNA Prep	fastq	Psi1_A13_Low_Male_L3_R1.fastq.gz	Psi1_A13_Low_Male_L3_R2.fastq.gz	psilo.low.8h	psilocybin	0.25 mg / kg	8 hour	M	13	8 weeks	26 grams	9.3
psilo.low.8h.M.14	14	Bulk RNA-Seq of mouse prefrontal cortex	RNA-Seq	TRANSCRIPTOMIC	PolyA	paired	ILLUMINA	Illumina NovaSeq 6000	Illumina Stranded mRNA Prep	fastq	Psi1_A14_Low_Male_L3_R1.fastq.gz	Psi1_A14_Low_Male_L3_R2.fastq.gz	psilo.low.8h	psilocybin	0.25 mg / kg	8 hour	M	14	8 weeks	26 grams	9.2
psilo.low.8h.M.15	15	Bulk RNA-Seq of mouse prefrontal cortex	RNA-Seq	TRANSCRIPTOMIC	PolyA	paired	ILLUMINA	Illumina NovaSeq 6000	Illumina Stranded mRNA Prep	fastq	Psi1_A15_Low_Male_L3_R1.fastq.gz	Psi1_A15_Low_Male_L3_R2.fastq.gz	psilo.low.8h	psilocybin	0.25 mg / kg	8 hour	M	15	8 weeks	26 grams	9.4
psilo.low.8h.F.16	16	Bulk RNA-Seq of mouse prefrontal cortex	RNA-Seq	TRANSCRIPTOMIC	PolyA	paired	ILLUMINA	Illumina NovaSeq 6000	Illumina Stranded mRNA Prep	fastq	Psi1_A16_Low_Female_L3_R1.fastq.gz	Psi1_A16_Low_Female_L3_R2.fastq.gz	psilo.low.8h	psilocybin	0.25 mg / kg	8 hour	F	16	8 weeks	18 grams	9.3
psilo.low.8h.F.17	17	Bulk RNA-Seq of mouse prefrontal cortex	RNA-Seq	TRANSCRIPTOMIC	PolyA	paired	ILLUMINA	Illumina NovaSeq 6000	Illumina Stranded mRNA Prep	fastq	Psi1_A17_Low_Female_L3_R1.fastq.gz	Psi1_A17_Low_Female_L3_R2.fastq.gz	psilo.low.8h	psilocybin	0.25 mg / kg	8 hour	F	17	8 weeks	18 grams	9.3
psilo.low.8h.F.18	18	Bulk RNA-Seq of mouse prefrontal cortex	RNA-Seq	TRANSCRIPTOMIC	PolyA	paired	ILLUMINA	Illumina NovaSeq 6000	Illumina Stranded mRNA Prep	fastq	Psi1_A18_Low_Female_L3_R1.fastq.gz	Psi1_A18_Low_Female_L3_R2.fastq.gz	psilo.low.8h	psilocybin	0.25 mg / kg	8 hour	F	18	8 weeks	18 grams	9.2
psilo.low.8h.F.19	19	Bulk RNA-Seq of mouse prefrontal cortex	RNA-Seq	TRANSCRIPTOMIC	PolyA	paired	ILLUMINA	Illumina NovaSeq 6000	Illumina Stranded mRNA Prep	fastq	Psi1_A19_Low_Female_L3_R1.fastq.gz	Psi1_A19_Low_Female_L3_R2.fastq.gz	psilo.low.8h	psilocybin	0.25 mg / kg	8 hour	F	19	8 weeks	18 grams	9.6
psilo.low.8h.F.20	20	Bulk RNA-Seq of mouse prefrontal cortex	RNA-Seq	TRANSCRIPTOMIC	PolyA	paired	ILLUMINA	Illumina NovaSeq 6000	Illumina Stranded mRNA Prep	fastq	Psi1_A20_Low_Female_L3_R1.fastq.gz	Psi1_A20_Low_Female_L3_R2.fastq.gz	psilo.low.8h	psilocybin	0.25 mg / kg	8 hour	F	20	8 weeks	18 grams	9.5
sal.8h.M.21	21	Bulk RNA-Seq of mouse prefrontal cortex	RNA-Seq	TRANSCRIPTOMIC	PolyA	paired	ILLUMINA	Illumina NovaSeq 6000	Illumina Stranded mRNA Prep	fastq	Psi1_A21_NS_Male_L3_R1.fastq.gz	Psi1_A21_NS_Male_L3_R2.fastq.gz	sal.8h	saline	0.9%	8 hour	M	21	8 weeks	26 grams	9.6
sal.8h.M.22	22	Bulk RNA-Seq of mouse prefrontal cortex	RNA-Seq	TRANSCRIPTOMIC	PolyA	paired	ILLUMINA	Illumina NovaSeq 6000	Illumina Stranded mRNA Prep	fastq	Psi1_A22_NS_Male_L3_R1.fastq.gz	Psi1_A22_NS_Male_L3_R2.fastq.gz	sal.8h	saline	0.9%	8 hour	M	22	8 weeks	26 grams	9.2
sal.8h.M.23	23	Bulk RNA-Seq of mouse prefrontal cortex	RNA-Seq	TRANSCRIPTOMIC	PolyA	paired	ILLUMINA	Illumina NovaSeq 6000	Illumina Stranded mRNA Prep	fastq	Psi1_A23_NS_Male_L3_R1.fastq.gz	Psi1_A23_NS_Male_L3_R2.fastq.gz	sal.8h	saline	0.9%	8 hour	M	23	8 weeks	26 grams	9.2
sal.8h.M.24	24	Bulk RNA-Seq of mouse prefrontal cortex	RNA-Seq	TRANSCRIPTOMIC	PolyA	paired	ILLUMINA	Illumina NovaSeq 6000	Illumina Stranded mRNA Prep	fastq	Psi1_A24_NS_Male_L3_R1.fastq.gz	Psi1_A24_NS_Male_L3_R2.fastq.gz	sal.8h	saline	0.9%	8 hour	M	24	8 weeks	26 grams	9.2
sal.8h.M.25	25	Bulk RNA-Seq of mouse prefrontal cortex	RNA-Seq	TRANSCRIPTOMIC	PolyA	paired	ILLUMINA	Illumina NovaSeq 6000	Illumina Stranded mRNA Prep	fastq	Psi1_A25_NS_Male_L3_R1.fastq.gz	Psi1_A25_NS_Male_L3_R2.fastq.gz	sal.8h	saline	0.9%	8 hour	M	25	8 weeks	26 grams	9.1
sal.8h.F.26	26	Bulk RNA-Seq of mouse prefrontal cortex	RNA-Seq	TRANSCRIPTOMIC	PolyA	paired	ILLUMINA	Illumina NovaSeq 6000	Illumina Stranded mRNA Prep	fastq	Psi1_A26_NS_Female_L3_R1.fastq.gz	Psi1_A26_NS_Female_L3_R2.fastq.gz	sal.8h	saline	0.9%	8 hour	F	26	8 weeks	18 grams	9
sal.8h.F.27	27	Bulk RNA-Seq of mouse prefrontal cortex	RNA-Seq	TRANSCRIPTOMIC	PolyA	paired	ILLUMINA	Illumina NovaSeq 6000	Illumina Stranded mRNA Prep	fastq	Psi1_A27_NS_Female_L3_R1.fastq.gz	Psi1_A27_NS_Female_L3_R2.fastq.gz	sal.8h	saline	0.9%	8 hour	F	27	8 weeks	18 grams	9.3
sal.8h.F.28	28	Bulk RNA-Seq of mouse prefrontal cortex	RNA-Seq	TRANSCRIPTOMIC	PolyA	paired	ILLUMINA	Illumina NovaSeq 6000	Illumina Stranded mRNA Prep	fastq	Psi1_A28_NS_Female_L3_R1.fastq.gz	Psi1_A28_NS_Female_L3_R2.fastq.gz	sal.8h	saline	0.9%	8 hour	F	28	8 weeks	18 grams	9.6
sal.8h.F.29	29	Bulk RNA-Seq of mouse prefrontal cortex	RNA-Seq	TRANSCRIPTOMIC	PolyA	paired	ILLUMINA	Illumina NovaSeq 6000	Illumina Stranded mRNA Prep	fastq	Psi1_A29_NS_Female_L3_R1.fastq.gz	Psi1_A29_NS_Female_L3_R2.fastq.gz	sal.8h	saline	0.9%	8 hour	F	29	8 weeks	18 grams	9.6
sal.8h.F.30	30	Bulk RNA-Seq of mouse prefrontal cortex	RNA-Seq	TRANSCRIPTOMIC	PolyA	paired	ILLUMINA	Illumina NovaSeq 6000	Illumina Stranded mRNA Prep	fastq	Psi1_A30_NS_Female_L3_R1.fastq.gz	Psi1_A30_NS_Female_L3_R2.fastq.gz	sal.8h	saline	0.9%	8 hour	F	30	8 weeks	18 grams	9.5
psilo.high.24h.M.31	31	Bulk RNA-Seq of mouse prefrontal cortex	RNA-Seq	TRANSCRIPTOMIC	PolyA	paired	ILLUMINA	Illumina NovaSeq 6000	Illumina Stranded mRNA Prep	fastq	Psi1_A31_High_Male_L3_R1.fastq.gz	Psi1_A31_High_Male_L3_R2.fastq.gz	psilo.high.24h	psilocybin	1 mg / kg	24 hour	M	31	8 weeks	26 grams	9.6
psilo.high.24h.M.32	32	Bulk RNA-Seq of mouse prefrontal cortex	RNA-Seq	TRANSCRIPTOMIC	PolyA	paired	ILLUMINA	Illumina NovaSeq 6000	Illumina Stranded mRNA Prep	fastq	Psi1_A32_High_Male_L3_R1.fastq.gz	Psi1_A32_High_Male_L3_R2.fastq.gz	psilo.high.24h	psilocybin	1 mg / kg	24 hour	M	32	8 weeks	26 grams	9.5
psilo.high.24h.M.33	33	Bulk RNA-Seq of mouse prefrontal cortex	RNA-Seq	TRANSCRIPTOMIC	PolyA	paired	ILLUMINA	Illumina NovaSeq 6000	Illumina Stranded mRNA Prep	fastq	Psi1_A33_High_Male_L3_R1.fastq.gz	Psi1_A33_High_Male_L3_R2.fastq.gz	psilo.high.24h	psilocybin	1 mg / kg	24 hour	M	33	8 weeks	26 grams	7.5
psilo.high.24h.M.34	34	Bulk RNA-Seq of mouse prefrontal cortex	RNA-Seq	TRANSCRIPTOMIC	PolyA	paired	ILLUMINA	Illumina NovaSeq 6000	Illumina Stranded mRNA Prep	fastq	Psi1_A34_High_Male_L3_R1.fastq.gz	Psi1_A34_High_Male_L3_R2.fastq.gz	psilo.high.24h	psilocybin	1 mg / kg	24 hour	M	34	8 weeks	26 grams	9.5
psilo.high.24h.M.35	35	Bulk RNA-Seq of mouse prefrontal cortex	RNA-Seq	TRANSCRIPTOMIC	PolyA	paired	ILLUMINA	Illumina NovaSeq 6000	Illumina Stranded mRNA Prep	fastq	Psi1_A35_High_Male_L3_R1.fastq.gz	Psi1_A35_High_Male_L3_R2.fastq.gz	psilo.high.24h	psilocybin	1 mg / kg	24 hour	M	35	8 weeks	26 grams	9.2
psilo.high.24h.F.36	36	Bulk RNA-Seq of mouse prefrontal cortex	RNA-Seq	TRANSCRIPTOMIC	PolyA	paired	ILLUMINA	Illumina NovaSeq 6000	Illumina Stranded mRNA Prep	fastq	Psi1_A36_High_Female_L3_R1.fastq.gz	Psi1_A36_High_Female_L3_R2.fastq.gz	psilo.high.24h	psilocybin	1 mg / kg	24 hour	F	36	8 weeks	18 grams	9.4
psilo.high.24h.F.37	37	Bulk RNA-Seq of mouse prefrontal cortex	RNA-Seq	TRANSCRIPTOMIC	PolyA	paired	ILLUMINA	Illumina NovaSeq 6000	Illumina Stranded mRNA Prep	fastq	Psi1_A37_High_Female_L3_R1.fastq.gz	Psi1_A37_High_Female_L3_R2.fastq.gz	psilo.high.24h	psilocybin	1 mg / kg	24 hour	F	37	8 weeks	18 grams	9.3
psilo.high.24h.F.38	38	Bulk RNA-Seq of mouse prefrontal cortex	RNA-Seq	TRANSCRIPTOMIC	PolyA	paired	ILLUMINA	Illumina NovaSeq 6000	Illumina Stranded mRNA Prep	fastq	Psi1_A38_High_Female_L3_R1.fastq.gz	Psi1_A38_High_Female_L3_R2.fastq.gz	psilo.high.24h	psilocybin	1 mg / kg	24 hour	F	38	8 weeks	18 grams	9.2
psilo.high.24h.F.39	39	Bulk RNA-Seq of mouse prefrontal cortex	RNA-Seq	TRANSCRIPTOMIC	PolyA	paired	ILLUMINA	Illumina NovaSeq 6000	Illumina Stranded mRNA Prep	fastq	Psi1_A39_High_Female_L3_R1.fastq.gz	Psi1_A39_High_Female_L3_R2.fastq.gz	psilo.high.24h	psilocybin	1 mg / kg	24 hour	F	39	8 weeks	18 grams	9.4
psilo.high.24h.F.40	40	Bulk RNA-Seq of mouse prefrontal cortex	RNA-Seq	TRANSCRIPTOMIC	PolyA	paired	ILLUMINA	Illumina NovaSeq 6000	Illumina Stranded mRNA Prep	fastq	Psi1_A40_High_Female_L3_R1.fastq.gz	Psi1_A40_High_Female_L3_R2.fastq.gz	psilo.high.24h	psilocybin	1 mg / kg	24 hour	F	40	8 weeks	18 grams	9.6
psilo.low.24h.M.41	41	Bulk RNA-Seq of mouse prefrontal cortex	RNA-Seq	TRANSCRIPTOMIC	PolyA	paired	ILLUMINA	Illumina NovaSeq 6000	Illumina Stranded mRNA Prep	fastq	Psi1_A41_Low_Male_L3_R1.fastq.gz	Psi1_A41_Low_Male_L3_R2.fastq.gz	psilo.low.24h	psilocybin	0.25 mg / kg	24 hour	M	41	8 weeks	26 grams	9.5
psilo.low.24h.M.42	42	Bulk RNA-Seq of mouse prefrontal cortex	RNA-Seq	TRANSCRIPTOMIC	PolyA	paired	ILLUMINA	Illumina NovaSeq 6000	Illumina Stranded mRNA Prep	fastq	Psi1_A42_Low_Male_L3_R1.fastq.gz	Psi1_A42_Low_Male_L3_R2.fastq.gz	psilo.low.24h	psilocybin	0.25 mg / kg	24 hour	M	42	8 weeks	26 grams	9.5
psilo.low.24h.M.43	43	Bulk RNA-Seq of mouse prefrontal cortex	RNA-Seq	TRANSCRIPTOMIC	PolyA	paired	ILLUMINA	Illumina NovaSeq 6000	Illumina Stranded mRNA Prep	fastq	Psi1_A43_Low_Male_L3_R1.fastq.gz	Psi1_A43_Low_Male_L3_R2.fastq.gz	psilo.low.24h	psilocybin	0.25 mg / kg	24 hour	M	43	8 weeks	26 grams	9.5
psilo.low.24h.M.44	44	Bulk RNA-Seq of mouse prefrontal cortex	RNA-Seq	TRANSCRIPTOMIC	PolyA	paired	ILLUMINA	Illumina NovaSeq 6000	Illumina Stranded mRNA Prep	fastq	Psi1_A44_Low_Male_L3_R1.fastq.gz	Psi1_A44_Low_Male_L3_R2.fastq.gz	psilo.low.24h	psilocybin	0.25 mg / kg	24 hour	M	44	8 weeks	26 grams	9.8
psilo.low.24h.M.45	45	Bulk RNA-Seq of mouse prefrontal cortex	RNA-Seq	TRANSCRIPTOMIC	PolyA	paired	ILLUMINA	Illumina NovaSeq 6000	Illumina Stranded mRNA Prep	fastq	Psi1_A45_Low_Male_L3_R1.fastq.gz	Psi1_A45_Low_Male_L3_R2.fastq.gz	psilo.low.24h	psilocybin	0.25 mg / kg	24 hour	M	45	8 weeks	26 grams	9.9
psilo.low.24h.F.46	46	Bulk RNA-Seq of mouse prefrontal cortex	RNA-Seq	TRANSCRIPTOMIC	PolyA	paired	ILLUMINA	Illumina NovaSeq 6000	Illumina Stranded mRNA Prep	fastq	Psi1_A46_Low_Female_L4_R1.fastq.gz	Psi1_A46_Low_Female_L4_R2.fastq.gz	psilo.low.24h	psilocybin	0.25 mg / kg	24 hour	F	46	8 weeks	18 grams	8.1
psilo.low.24h.F.47	47	Bulk RNA-Seq of mouse prefrontal cortex	RNA-Seq	TRANSCRIPTOMIC	PolyA	paired	ILLUMINA	Illumina NovaSeq 6000	Illumina Stranded mRNA Prep	fastq	Psi1_A47_Low_Female_L4_R1.fastq.gz	Psi1_A47_Low_Female_L4_R2.fastq.gz	psilo.low.24h	psilocybin	0.25 mg / kg	24 hour	F	47	8 weeks	18 grams	9.5
psilo.low.24h.F.48	48	Bulk RNA-Seq of mouse prefrontal cortex	RNA-Seq	TRANSCRIPTOMIC	PolyA	paired	ILLUMINA	Illumina NovaSeq 6000	Illumina Stranded mRNA Prep	fastq	Psi1_A48_Low_Female_L4_R1.fastq.gz	Psi1_A48_Low_Female_L4_R2.fastq.gz	psilo.low.24h	psilocybin	0.25 mg / kg	24 hour	F	48	8 weeks	18 grams	9.4
psilo.low.24h.F.49	49	Bulk RNA-Seq of mouse prefrontal cortex	RNA-Seq	TRANSCRIPTOMIC	PolyA	paired	ILLUMINA	Illumina NovaSeq 6000	Illumina Stranded mRNA Prep	fastq	Psi1_A49_Low_Female_L4_R1.fastq.gz	Psi1_A49_Low_Female_L4_R2.fastq.gz	psilo.low.24h	psilocybin	0.25 mg / kg	24 hour	F	49	8 weeks	18 grams	9.3
psilo.low.24h.F.50	50	Bulk RNA-Seq of mouse prefrontal cortex	RNA-Seq	TRANSCRIPTOMIC	PolyA	paired	ILLUMINA	Illumina NovaSeq 6000	Illumina Stranded mRNA Prep	fastq	Psi1_A50_Low_Female_L4_R1.fastq.gz	Psi1_A50_Low_Female_L4_R2.fastq.gz	psilo.low.24h	psilocybin	0.25 mg / kg	24 hour	F	50	8 weeks	18 grams	9.2
sal.24h.M.51	51	Bulk RNA-Seq of mouse prefrontal cortex	RNA-Seq	TRANSCRIPTOMIC	PolyA	paired	ILLUMINA	Illumina NovaSeq 6000	Illumina Stranded mRNA Prep	fastq	Psi1_A51_NS_Male_L4_R1.fastq.gz	Psi1_A51_NS_Male_L4_R2.fastq.gz	sal.24h	saline	0.9%	24 hour	M	51	8 weeks	26 grams	9.4
sal.24h.M.52	52	Bulk RNA-Seq of mouse prefrontal cortex	RNA-Seq	TRANSCRIPTOMIC	PolyA	paired	ILLUMINA	Illumina NovaSeq 6000	Illumina Stranded mRNA Prep	fastq	Psi1_A52_NS_Male_L4_R1.fastq.gz	Psi1_A52_NS_Male_L4_R2.fastq.gz	sal.24h	saline	0.9%	24 hour	M	52	8 weeks	26 grams	9.3
sal.24h.M.53	53	Bulk RNA-Seq of mouse prefrontal cortex	RNA-Seq	TRANSCRIPTOMIC	PolyA	paired	ILLUMINA	Illumina NovaSeq 6000	Illumina Stranded mRNA Prep	fastq	Psi1_A53_NS_Male_L4_R1.fastq.gz	Psi1_A53_NS_Male_L4_R2.fastq.gz	sal.24h	saline	0.9%	24 hour	M	53	8 weeks	26 grams	9.5
sal.24h.M.54	54	Bulk RNA-Seq of mouse prefrontal cortex	RNA-Seq	TRANSCRIPTOMIC	PolyA	paired	ILLUMINA	Illumina NovaSeq 6000	Illumina Stranded mRNA Prep	fastq	Psi1_A54_NS_Male_L4_R1.fastq.gz	Psi1_A54_NS_Male_L4_R2.fastq.gz	sal.24h	saline	0.9%	24 hour	M	54	8 weeks	26 grams	9.5
sal.24h.M.55	55	Bulk RNA-Seq of mouse prefrontal cortex	RNA-Seq	TRANSCRIPTOMIC	PolyA	paired	ILLUMINA	Illumina NovaSeq 6000	Illumina Stranded mRNA Prep	fastq	Psi1_A55_NS_Male_L4_R1.fastq.gz	Psi1_A55_NS_Male_L4_R2.fastq.gz	sal.24h	saline	0.9%	24 hour	M	55	8 weeks	26 grams	9.4
sal.24h.F.56	56	Bulk RNA-Seq of mouse prefrontal cortex	RNA-Seq	TRANSCRIPTOMIC	PolyA	paired	ILLUMINA	Illumina NovaSeq 6000	Illumina Stranded mRNA Prep	fastq	Psi1_A56_NS_Female_L4_R1.fastq.gz	Psi1_A56_NS_Female_L4_R2.fastq.gz	sal.24h	saline	0.9%	24 hour	F	56	8 weeks	18 grams	9.4
sal.24h.F.57	57	Bulk RNA-Seq of mouse prefrontal cortex	RNA-Seq	TRANSCRIPTOMIC	PolyA	paired	ILLUMINA	Illumina NovaSeq 6000	Illumina Stranded mRNA Prep	fastq	Psi1_A57_NS_Female_L4_R1.fastq.gz	Psi1_A57_NS_Female_L4_R2.fastq.gz	sal.24h	saline	0.9%	24 hour	F	57	8 weeks	18 grams	9.4
sal.24h.F.58	58	Bulk RNA-Seq of mouse prefrontal cortex	RNA-Seq	TRANSCRIPTOMIC	PolyA	paired	ILLUMINA	Illumina NovaSeq 6000	Illumina Stranded mRNA Prep	fastq	Psi1_A58_NS_Female_L4_R1.fastq.gz	Psi1_A58_NS_Female_L4_R2.fastq.gz	sal.24h	saline	0.9%	24 hour	F	58	8 weeks	18 grams	9.3
sal.24h.F.59	59	Bulk RNA-Seq of mouse prefrontal cortex	RNA-Seq	TRANSCRIPTOMIC	PolyA	paired	ILLUMINA	Illumina NovaSeq 6000	Illumina Stranded mRNA Prep	fastq	Psi1_A59_NS_Female_L4_R1.fastq.gz	Psi1_A59_NS_Female_L4_R2.fastq.gz	sal.24h	saline	0.9%	24 hour	F	59	8 weeks	18 grams	9.5
sal.24h.F.60	60	Bulk RNA-Seq of mouse prefrontal cortex	RNA-Seq	TRANSCRIPTOMIC	PolyA	paired	ILLUMINA	Illumina NovaSeq 6000	Illumina Stranded mRNA Prep	fastq	Psi1_A60_NS_Female_L4_R1.fastq.gz	Psi1_A60_NS_Female_L4_R2.fastq.gz	sal.24h	saline	0.9%	24 hour	F	60	8 weeks	18 grams	9.3
psilo.high.7d.M.61	61	Bulk RNA-Seq of mouse prefrontal cortex	RNA-Seq	TRANSCRIPTOMIC	PolyA	paired	ILLUMINA	Illumina NovaSeq 6000	Illumina Stranded mRNA Prep	fastq	Psi1_A61_High_Male_L4_R1.fastq.gz	Psi1_A61_High_Male_L4_R2.fastq.gz	psilo.high.7d	psilocybin	1 mg / kg	7 day	M	61	8 weeks	26 grams	9.3
psilo.high.7d.M.62	62	Bulk RNA-Seq of mouse prefrontal cortex	RNA-Seq	TRANSCRIPTOMIC	PolyA	paired	ILLUMINA	Illumina NovaSeq 6000	Illumina Stranded mRNA Prep	fastq	Psi1_A62_High_Male_L4_R1.fastq.gz	Psi1_A62_High_Male_L4_R2.fastq.gz	psilo.high.7d	psilocybin	1 mg / kg	7 day	M	62	8 weeks	26 grams	9.5
psilo.high.7d.M.63	63	Bulk RNA-Seq of mouse prefrontal cortex	RNA-Seq	TRANSCRIPTOMIC	PolyA	paired	ILLUMINA	Illumina NovaSeq 6000	Illumina Stranded mRNA Prep	fastq	Psi1_A63_High_Male_L4_R1.fastq.gz	Psi1_A63_High_Male_L4_R2.fastq.gz	psilo.high.7d	psilocybin	1 mg / kg	7 day	M	63	8 weeks	26 grams	9.2
psilo.high.7d.M.64	64	Bulk RNA-Seq of mouse prefrontal cortex	RNA-Seq	TRANSCRIPTOMIC	PolyA	paired	ILLUMINA	Illumina NovaSeq 6000	Illumina Stranded mRNA Prep	fastq	Psi1_A64_High_Male_L4_R1.fastq.gz	Psi1_A64_High_Male_L4_R2.fastq.gz	psilo.high.7d	psilocybin	1 mg / kg	7 day	M	64	8 weeks	26 grams	9.4
psilo.high.7d.M.65	65	Bulk RNA-Seq of mouse prefrontal cortex	RNA-Seq	TRANSCRIPTOMIC	PolyA	paired	ILLUMINA	Illumina NovaSeq 6000	Illumina Stranded mRNA Prep	fastq	Psi1_A65_High_Male_L4_R1.fastq.gz	Psi1_A65_High_Male_L4_R2.fastq.gz	psilo.high.7d	psilocybin	1 mg / kg	7 day	M	65	8 weeks	26 grams	9.3
psilo.high.7d.F.66	66	Bulk RNA-Seq of mouse prefrontal cortex	RNA-Seq	TRANSCRIPTOMIC	PolyA	paired	ILLUMINA	Illumina NovaSeq 6000	Illumina Stranded mRNA Prep	fastq	Psi1_A66_High_Female_L4_R1.fastq.gz	Psi1_A66_High_Female_L4_R2.fastq.gz	psilo.high.7d	psilocybin	1 mg / kg	7 day	F	66	8 weeks	18 grams	9.4
psilo.high.7d.F.67	67	Bulk RNA-Seq of mouse prefrontal cortex	RNA-Seq	TRANSCRIPTOMIC	PolyA	paired	ILLUMINA	Illumina NovaSeq 6000	Illumina Stranded mRNA Prep	fastq	Psi1_A67_High_Female_L4_R1.fastq.gz	Psi1_A67_High_Female_L4_R2.fastq.gz	psilo.high.7d	psilocybin	1 mg / kg	7 day	F	67	8 weeks	18 grams	9.5
psilo.high.7d.F.68	68	Bulk RNA-Seq of mouse prefrontal cortex	RNA-Seq	TRANSCRIPTOMIC	PolyA	paired	ILLUMINA	Illumina NovaSeq 6000	Illumina Stranded mRNA Prep	fastq	Psi1_A68_High_Female_L4_R1.fastq.gz	Psi1_A68_High_Female_L4_R2.fastq.gz	psilo.high.7d	psilocybin	1 mg / kg	7 day	F	68	8 weeks	18 grams	9.4
psilo.high.7d.F.69	69	Bulk RNA-Seq of mouse prefrontal cortex	RNA-Seq	TRANSCRIPTOMIC	PolyA	paired	ILLUMINA	Illumina NovaSeq 6000	Illumina Stranded mRNA Prep	fastq	Psi1_A69_High_Female_L4_R1.fastq.gz	Psi1_A69_High_Female_L4_R2.fastq.gz	psilo.high.7d	psilocybin	1 mg / kg	7 day	F	69	8 weeks	18 grams	9.5
psilo.high.7d.F.70	70	Bulk RNA-Seq of mouse prefrontal cortex	RNA-Seq	TRANSCRIPTOMIC	PolyA	paired	ILLUMINA	Illumina NovaSeq 6000	Illumina Stranded mRNA Prep	fastq	Psi1_A70_High_Female_L4_R1.fastq.gz	Psi1_A70_High_Female_L4_R2.fastq.gz	psilo.high.7d	psilocybin	1 mg / kg	7 day	F	70	8 weeks	18 grams	9.4
psilo.low.7d.M.71	71	Bulk RNA-Seq of mouse prefrontal cortex	RNA-Seq	TRANSCRIPTOMIC	PolyA	paired	ILLUMINA	Illumina NovaSeq 6000	Illumina Stranded mRNA Prep	fastq	Psi1_A71_Low_Male_L4_R1.fastq.gz	Psi1_A71_Low_Male_L4_R2.fastq.gz	psilo.low.7d	psilocybin	0.25 mg / kg	7 day	M	71	8 weeks	26 grams	9.1
psilo.low.7d.M.72	72	Bulk RNA-Seq of mouse prefrontal cortex	RNA-Seq	TRANSCRIPTOMIC	PolyA	paired	ILLUMINA	Illumina NovaSeq 6000	Illumina Stranded mRNA Prep	fastq	Psi1_A72_Low_Male_L4_R1.fastq.gz	Psi1_A72_Low_Male_L4_R2.fastq.gz	psilo.low.7d	psilocybin	0.25 mg / kg	7 day	M	72	8 weeks	26 grams	9.5
psilo.low.7d.M.73	73	Bulk RNA-Seq of mouse prefrontal cortex	RNA-Seq	TRANSCRIPTOMIC	PolyA	paired	ILLUMINA	Illumina NovaSeq 6000	Illumina Stranded mRNA Prep	fastq	Psi1_A73_Low_Male_L4_R1.fastq.gz	Psi1_A73_Low_Male_L4_R2.fastq.gz	psilo.low.7d	psilocybin	0.25 mg / kg	7 day	M	73	8 weeks	26 grams	9.1
psilo.low.7d.M.74	74	Bulk RNA-Seq of mouse prefrontal cortex	RNA-Seq	TRANSCRIPTOMIC	PolyA	paired	ILLUMINA	Illumina NovaSeq 6000	Illumina Stranded mRNA Prep	fastq	Psi1_A74_Low_Male_L4_R1.fastq.gz	Psi1_A74_Low_Male_L4_R2.fastq.gz	psilo.low.7d	psilocybin	0.25 mg / kg	7 day	M	74	8 weeks	26 grams	9.4
psilo.low.7d.M.75	75	Bulk RNA-Seq of mouse prefrontal cortex	RNA-Seq	TRANSCRIPTOMIC	PolyA	paired	ILLUMINA	Illumina NovaSeq 6000	Illumina Stranded mRNA Prep	fastq	Psi1_A75_Low_Male_L4_R1.fastq.gz	Psi1_A75_Low_Male_L4_R2.fastq.gz	psilo.low.7d	psilocybin	0.25 mg / kg	7 day	M	75	8 weeks	26 grams	9.4
psilo.low.7d.F.76	76	Bulk RNA-Seq of mouse prefrontal cortex	RNA-Seq	TRANSCRIPTOMIC	PolyA	paired	ILLUMINA	Illumina NovaSeq 6000	Illumina Stranded mRNA Prep	fastq	Psi1_A76_Low_Female_L4_R1.fastq.gz	Psi1_A76_Low_Female_L4_R2.fastq.gz	psilo.low.7d	psilocybin	0.25 mg / kg	7 day	F	76	8 weeks	18 grams	9.3
psilo.low.7d.F.77	77	Bulk RNA-Seq of mouse prefrontal cortex	RNA-Seq	TRANSCRIPTOMIC	PolyA	paired	ILLUMINA	Illumina NovaSeq 6000	Illumina Stranded mRNA Prep	fastq	Psi1_A77_Low_Female_L4_R1.fastq.gz	Psi1_A77_Low_Female_L4_R2.fastq.gz	psilo.low.7d	psilocybin	0.25 mg / kg	7 day	F	77	8 weeks	18 grams	9.4
psilo.low.7d.F.78	78	Bulk RNA-Seq of mouse prefrontal cortex	RNA-Seq	TRANSCRIPTOMIC	PolyA	paired	ILLUMINA	Illumina NovaSeq 6000	Illumina Stranded mRNA Prep	fastq	Psi1_A78_Low_Female_L4_R1.fastq.gz	Psi1_A78_Low_Female_L4_R2.fastq.gz	psilo.low.7d	psilocybin	0.25 mg / kg	7 day	F	78	8 weeks	18 grams	7
psilo.low.7d.F.79	79	Bulk RNA-Seq of mouse prefrontal cortex	RNA-Seq	TRANSCRIPTOMIC	PolyA	paired	ILLUMINA	Illumina NovaSeq 6000	Illumina Stranded mRNA Prep	fastq	Psi1_A79_Low_Female_L4_R1.fastq.gz	Psi1_A79_Low_Female_L4_R2.fastq.gz	psilo.low.7d	psilocybin	0.25 mg / kg	7 day	F	79	8 weeks	18 grams	9.3
psilo.low.7d.F.80	80	Bulk RNA-Seq of mouse prefrontal cortex	RNA-Seq	TRANSCRIPTOMIC	PolyA	paired	ILLUMINA	Illumina NovaSeq 6000	Illumina Stranded mRNA Prep	fastq	Psi1_A80_Low_Female_L4_R1.fastq.gz	Psi1_A80_Low_Female_L4_R2.fastq.gz	psilo.low.7d	psilocybin	0.25 mg / kg	7 day	F	80	8 weeks	18 grams	9.6
sal.7d.M.81	81	Bulk RNA-Seq of mouse prefrontal cortex	RNA-Seq	TRANSCRIPTOMIC	PolyA	paired	ILLUMINA	Illumina NovaSeq 6000	Illumina Stranded mRNA Prep	fastq	Psi1_A81_NS_Male_L4_R1.fastq.gz	Psi1_A81_NS_Male_L4_R2.fastq.gz	sal.7d	saline	0.9%	7 day	M	81	8 weeks	26 grams	9.4
sal.7d.M.82	82	Bulk RNA-Seq of mouse prefrontal cortex	RNA-Seq	TRANSCRIPTOMIC	PolyA	paired	ILLUMINA	Illumina NovaSeq 6000	Illumina Stranded mRNA Prep	fastq	Psi1_A82_NS_Male_L4_R1.fastq.gz	Psi1_A82_NS_Male_L4_R2.fastq.gz	sal.7d	saline	0.9%	7 day	M	82	8 weeks	26 grams	9.3
sal.7d.M.83	83	Bulk RNA-Seq of mouse prefrontal cortex	RNA-Seq	TRANSCRIPTOMIC	PolyA	paired	ILLUMINA	Illumina NovaSeq 6000	Illumina Stranded mRNA Prep	fastq	Psi1_A83_NS_Male_L4_R1.fastq.gz	Psi1_A83_NS_Male_L4_R2.fastq.gz	sal.7d	saline	0.9%	7 day	M	83	8 weeks	26 grams	9.1
sal.7d.M.84	84	Bulk RNA-Seq of mouse prefrontal cortex	RNA-Seq	TRANSCRIPTOMIC	PolyA	paired	ILLUMINA	Illumina NovaSeq 6000	Illumina Stranded mRNA Prep	fastq	Psi1_A84_NS_Male_L4_R1.fastq.gz	Psi1_A84_NS_Male_L4_R2.fastq.gz	sal.7d	saline	0.9%	7 day	M	84	8 weeks	26 grams	9.4
sal.7d.M.85	85	Bulk RNA-Seq of mouse prefrontal cortex	RNA-Seq	TRANSCRIPTOMIC	PolyA	paired	ILLUMINA	Illumina NovaSeq 6000	Illumina Stranded mRNA Prep	fastq	Psi1_A85_NS_Male_L4_R1.fastq.gz	Psi1_A85_NS_Male_L4_R2.fastq.gz	sal.7d	saline	0.9%	7 day	M	85	8 weeks	26 grams	9.4
sal.7d.F.86	86	Bulk RNA-Seq of mouse prefrontal cortex	RNA-Seq	TRANSCRIPTOMIC	PolyA	paired	ILLUMINA	Illumina NovaSeq 6000	Illumina Stranded mRNA Prep	fastq	Psi1_A86_NS_Female_L4_R1.fastq.gz	Psi1_A86_NS_Female_L4_R2.fastq.gz	sal.7d	saline	0.9%	7 day	F	86	8 weeks	18 grams	9.4
sal.7d.F.87	87	Bulk RNA-Seq of mouse prefrontal cortex	RNA-Seq	TRANSCRIPTOMIC	PolyA	paired	ILLUMINA	Illumina NovaSeq 6000	Illumina Stranded mRNA Prep	fastq	Psi1_A87_NS_Female_L4_R1.fastq.gz	Psi1_A87_NS_Female_L4_R2.fastq.gz	sal.7d	saline	0.9%	7 day	F	87	8 weeks	18 grams	9.3
sal.7d.F.88	88	Bulk RNA-Seq of mouse prefrontal cortex	RNA-Seq	TRANSCRIPTOMIC	PolyA	paired	ILLUMINA	Illumina NovaSeq 6000	Illumina Stranded mRNA Prep	fastq	Psi1_A88_NS_Female_L4_R1.fastq.gz	Psi1_A88_NS_Female_L4_R2.fastq.gz	sal.7d	saline	0.9%	7 day	F	88	8 weeks	18 grams	9.3
sal.7d.F.89	89	Bulk RNA-Seq of mouse prefrontal cortex	RNA-Seq	TRANSCRIPTOMIC	PolyA	paired	ILLUMINA	Illumina NovaSeq 6000	Illumina Stranded mRNA Prep	fastq	Psi1_A89_NS_Female_L4_R1.fastq.gz	Psi1_A89_NS_Female_L4_R2.fastq.gz	sal.7d	saline	0.9%	7 day	F	89	8 weeks	18 grams	9.2
sal.7d.F.90	90	Bulk RNA-Seq of mouse prefrontal cortex	RNA-Seq	TRANSCRIPTOMIC	PolyA	paired	ILLUMINA	Illumina NovaSeq 6000	Illumina Stranded mRNA Prep	fastq	Psi1_A90_NS_Female_L4_R1.fastq.gz	Psi1_A90_NS_Female_L4_R2.fastq.gz	sal.7d	saline	0.9%	7 day	F	90	8 weeks	18 grams	9.1
